epoch,lr,memory,step,train_acc,train_auc,train_f1,train_loss,train_precision,train_recall,train_tpr,val_acc,val_auc,val_f1,val_loss,val_precision,val_recall,val_tpr
0,4.00786375394091e-05,1023060992.0,9,,,,0.7026076316833496,,,,,,,,,,
0,4.035043093608692e-05,1023060992.0,19,,,,0.700070321559906,,,,,,,,,,
0,4.081624865648337e-05,1023060992.0,29,,,,0.6935549378395081,,,,,,,,,,
0,4.147589424974285e-05,1023060992.0,39,,,,0.6851729154586792,,,,,,,,,,
0,4.232910941937007e-05,1023060992.0,49,,,,0.7046025991439819,,,,,,,,,,
0,4.337554128142074e-05,1023060992.0,59,,,,0.699614405632019,,,,,,,,,,
0,4.461476783035323e-05,1023060992.0,69,,,,0.7036178708076477,,,,,,,,,,
0,4.6046294301049784e-05,1023060992.0,79,,,,0.6888288855552673,,,,,,,,,,
0,4.7669534978922457e-05,1023060992.0,89,,,,0.6956892013549805,,,,,,,,,,
0,4.948383502778597e-05,1023060992.0,99,,,,0.6948862671852112,,,,,,,,,,
0,5.14884595759213e-05,1023060992.0,109,,,,0.6911929845809937,,,,,,,,,,
0,5.368260099203326e-05,1023060992.0,119,,,,0.6919398307800293,,,,,,,,,,
0,5.6065371609292924e-05,1023060992.0,129,,,,0.6845037341117859,,,,,,,,,,
0,5.863580372533761e-05,1023060992.0,139,,,,0.6789371967315674,,,,,,,,,,
0,6.139285687822849e-05,1023060992.0,149,,,,0.6797712445259094,,,,,,,,,,
0,6.433542148442939e-05,1023060992.0,159,,,,0.6703396439552307,,,,,,,,,,
0,6.74623079248704e-05,1023060992.0,169,,,,0.6685501933097839,,,,,,,,,,
0,7.077224290696904e-05,1023060992.0,179,,,,0.6599239110946655,,,,,,,,,,
0,7.42638876545243e-05,1023060992.0,189,,,,0.6519120931625366,,,,,,,,,,
0,7.793584518367425e-05,1023060992.0,199,,,,0.6348412036895752,,,,,,,,,,
0,8.178660937119275e-05,1023060992.0,209,,,,0.6140120029449463,,,,,,,,,,
0,8.581463771406561e-05,1023060992.0,219,,,,0.5716018676757812,,,,,,,,,,
0,9.001830039778724e-05,1023060992.0,229,,,,0.5184915661811829,,,,,,,,,,
0,9.439588757231832e-05,1023060992.0,239,,,,0.48294597864151,,,,,,,,,,
0,9.894563117995858e-05,1023060992.0,249,,,,0.3754116892814636,,,,,,,,,,
0,0.00010366569767938927,1023060992.0,259,,,,0.3047698140144348,,,,,,,,,,
0,,,259,,,,,,,,0.8317015171051025,0.9930411577224731,0.8559432625770569,0.4439094364643097,0.7481650710105896,1.0,0.11592935025691986
0,0.00010855417349375784,1023062528.0,269,,,,0.24848441779613495,,,,,,,,,,
0,0.00011360907956259325,1023062528.0,279,,,,0.21510161459445953,,,,,,,,,,
0,0.0001188283713418059,1023062528.0,289,,,,0.19762980937957764,,,,,,,,,,
0,0.0001242099388036877,1023062528.0,299,,,,0.12908750772476196,,,,,,,,,,
0,0.00012975159916095436,1023062528.0,309,,,,0.15130871534347534,,,,,,,,,,
0,0.00013545111869461834,1023062528.0,319,,,,0.13949202001094818,,,,,,,,,,
0,0.00014130619820207357,1023062528.0,329,,,,0.1781253218650818,,,,,,,,,,
0,0.00014731446572113782,1023062528.0,339,,,,0.10821607708930969,,,,,,,,,,
0,0.00015347347653005272,1023062528.0,349,,,,0.09181497991085052,,,,,,,,,,
0,0.00015978074225131422,1023062528.0,359,,,,0.09561541676521301,,,,,,,,,,
0,0.0001662337308516726,1023062528.0,369,,,,0.10701939463615417,,,,,,,,,,
0,0.0001728298084344715,1023062528.0,379,,,,0.08533923327922821,,,,,,,,,,
0,0.00017956632655113935,1023062528.0,389,,,,0.06954750418663025,,,,,,,,,,
0,0.00018644054944161326,1023062528.0,399,,,,0.059476420283317566,,,,,,,,,,
0,0.00019344969769008458,1023062528.0,409,,,,0.07530908286571503,,,,,,,,,,
0,0.00020059093367308378,1023062528.0,419,,,,0.04802180826663971,,,,,,,,,,
0,0.00020786137611139566,1023062528.0,429,,,,0.03386688232421875,,,,,,,,,,
0,0.00021525807096622884,1023062528.0,439,,,,0.02956799976527691,,,,,,,,,,
0,0.00022277804964687675,1023062528.0,449,,,,0.059798046946525574,,,,,,,,,,
0,0.0002304182416992262,1023062528.0,459,,,,0.04365919530391693,,,,,,,,,,
0,0.000238175576669164,1023062528.0,469,,,,0.06011569872498512,,,,,,,,,,
0,0.00024604692589491606,1023062528.0,479,,,,0.03197146952152252,,,,,,,,,,
0,0.00025402905885130167,1023062528.0,489,,,,0.03029630146920681,,,,,,,,,,
0,0.0002621188177727163,1023062528.0,499,,,,0.04210298880934715,,,,,,,,,,
0,0.0002703128557186574,1023062528.0,509,,,,0.021508146077394485,,,,,,,,,,
0,0.0002786079130601138,1023062528.0,519,,,,0.04845656454563141,,,,,,,,,,
0,,,519,,,,,,,,0.9843128323554993,0.9983068704605103,0.9845548272132874,0.0958060622215271,0.9695794582366943,1.0,0.5471437573432922
0,,,520,0.7882738709449768,0.9000715613365173,0.7925065159797668,,0.7769570350646973,0.808691143989563,0.1327766478061676,,,,,,,
1,0.00028700061375275254,1023065088.0,529,,,,0.05684436857700348,,,,,,,,,,
1,0.0002954875526484102,1023065088.0,539,,,,0.019623463973402977,,,,,,,,,,
1,0.00030406529549509287,1023065088.0,549,,,,0.03555513545870781,,,,,,,,,,
1,0.00031273040804080665,1023065088.0,559,,,,0.042140521109104156,,,,,,,,,,
1,0.0003214793687220663,1023065088.0,569,,,,0.08314195275306702,,,,,,,,,,
1,0.0003303085977677256,1023065088.0,579,,,,0.020582713186740875,,,,,,,,,,
1,0.00033921460271812975,1023065088.0,589,,,,0.0201539546251297,,,,,,,,,,
1,0.00034819371649064124,1023065088.0,599,,,,0.015196505934000015,,,,,,,,,,
1,0.00035724230110645294,1023065088.0,609,,,,0.01955147460103035,,,,,,,,,,
1,0.00036635674769058824,1023065088.0,619,,,,0.023875713348388672,,,,,,,,,,
1,0.00037553333095274866,1023065088.0,629,,,,0.02154800109565258,,,,,,,,,,
1,0.00038476838381029665,1023065088.0,639,,,,0.03101024031639099,,,,,,,,,,
1,0.0003940580936614424,1023065088.0,649,,,,0.013480624184012413,,,,,,,,,,
1,0.0004033987643197179,1023065088.0,659,,,,0.011149588972330093,,,,,,,,,,
1,0.00041278661228716373,1023065088.0,669,,,,0.010574531741440296,,,,,,,,,,
1,0.0004222178249619901,1023065088.0,679,,,,0.009596060030162334,,,,,,,,,,
1,0.0004316885897424072,1023065088.0,689,,,,0.007224813103675842,,,,,,,,,,
1,0.0004411950649227947,1023065088.0,699,,,,0.01709003560245037,,,,,,,,,,
1,0.0004507334379013628,1023065088.0,709,,,,0.013202298432588577,,,,,,,,,,
1,0.00046029980876483023,1023065088.0,719,,,,0.0533561185002327,,,,,,,,,,
1,0.0004698903358075768,1023065088.0,729,,,,0.007677895948290825,,,,,,,,,,
1,0.00047950114822015166,1023065088.0,739,,,,0.010881838388741016,,,,,,,,,,
1,0.0004891283460892737,1023065088.0,749,,,,0.033047907054424286,,,,,,,,,,
1,0.0004987680003978312,1023065088.0,759,,,,0.006501258350908756,,,,,,,,,,
1,0.0005084162694402039,1023065088.0,769,,,,0.014144639484584332,,,,,,,,,,
1,0.0005180691950954497,1023065088.0,779,,,,0.011566543020308018,,,,,,,,,,
1,,,780,,,,,,,,0.9956501126289368,0.9996063709259033,0.9956676959991455,0.028012892231345177,0.991640567779541,0.999727725982666,0.7256457805633545
1,0.0005277229356579483,1023065088.0,789,,,,0.006449022796005011,,,,,,,,,,
1,0.0005373735330067575,1023065088.0,799,,,,0.006780460011214018,,,,,,,,,,
1,0.0005470170872285962,1023065088.0,809,,,,0.0057252030819654465,,,,,,,,,,
1,0.0005566497566178441,1023065088.0,819,,,,0.012453548610210419,,,,,,,,,,
1,0.0005662675248458982,1023065088.0,829,,,,0.010339805856347084,,,,,,,,,,
1,0.0005758666666224599,1023065088.0,839,,,,0.007891304790973663,,,,,,,,,,
1,0.0005854431656189263,1023065088.0,849,,,,0.012354153208434582,,,,,,,,,,
1,0.0005949931801296771,1023065088.0,859,,,,0.002950880443677306,,,,,,,,,,
1,0.0006045128684490919,1023065088.0,869,,,,0.01808933913707733,,,,,,,,,,
1,0.0006139983888715506,1023065088.0,879,,,,0.01093981321901083,,,,,,,,,,
1,0.0006234458996914327,1023065088.0,889,,,,0.014154624193906784,,,,,,,,,,
1,0.0006328515592031181,1023065088.0,899,,,,0.009525580331683159,,,,,,,,,,
1,0.0006422115257009864,1023065088.0,909,,,,0.011340636759996414,,,,,,,,,,
1,0.0006515220738947392,1023065088.0,919,,,,0.017544874921441078,,,,,,,,,,
1,0.000660779420286417,1023065088.0,929,,,,0.004520607180893421,,,,,,,,,,
1,0.0006699798395857215,1023065088.0,939,,,,0.003939541056752205,,,,,,,,,,
1,0.0006791196065023541,1023065088.0,949,,,,0.014579033479094505,,,,,,,,,,
1,0.0006881949957460165,1023065088.0,959,,,,0.0066353450529277325,,,,,,,,,,
1,0.000697202340234071,1023065088.0,969,,,,0.013242939487099648,,,,,,,,,,
1,0.000706138031091541,1023065088.0,979,,,,0.0025585999246686697,,,,,,,,,,
1,0.0007149984012357891,1023065088.0,989,,,,0.0013048120308667421,,,,,,,,,,
1,0.0007237798999994993,1023065088.0,999,,,,0.014747141860425472,,,,,,,,,,
1,0.0007324789185076952,1023065088.0,1009,,,,0.002281006658449769,,,,,,,,,,
1,0.0007410920807160437,1023065088.0,1019,,,,0.013227635063230991,,,,,,,,,,
1,0.0007496157195419073,1023065088.0,1029,,,,0.002204282907769084,,,,,,,,,,
1,0.0007580465171486139,1023065088.0,1039,,,,0.002502690302208066,,,,,,,,,,
1,,,1040,,,,,,,,0.9971816539764404,0.9994703531265259,0.997189462184906,0.025809267535805702,0.9943947196006775,1.0,0.5658784508705139
1,,,1041,0.9971182942390442,0.9993566870689392,0.9971221089363098,,0.9957676529884338,0.9984803199768066,0.7571582794189453,,,,,,,
2,0.0007663810392841697,1023065088.0,1049,,,,0.025751493871212006,,,,,,,,,,
2,0.0007746159099042416,1023065088.0,1059,,,,0.009680493734776974,,,,,,,,,,
2,0.0007827477529644966,1023065088.0,1069,,,,0.009176880121231079,,,,,,,,,,
2,0.0007907733670435846,1023065088.0,1079,,,,0.0055810981430113316,,,,,,,,,,
2,0.0007986893760971725,1023065088.0,1089,,,,0.02355152554810047,,,,,,,,,,
2,0.0008064926951192319,1023065088.0,1099,,,,0.0023982375860214233,,,,,,,,,,
2,0.0008141801226884127,1023065088.0,1109,,,,0.006340452004224062,,,,,,,,,,
2,0.0008217485737986863,1023065088.0,1119,,,,0.0010732070077210665,,,,,,,,,,
2,0.0008291949052363634,1023065088.0,1129,,,,0.011040647514164448,,,,,,,,,,
2,0.0008365162066183984,1023065088.0,1139,,,,0.001857339171692729,,,,,,,,,,
2,0.0008437095093540847,1023065088.0,1149,,,,0.003333441913127899,,,,,,,,,,
2,0.0008507718448527157,1023065088.0,1159,,,,0.010704103857278824,,,,,,,,,,
2,0.0008577003609389067,1023065088.0,1169,,,,0.0017441674135625362,,,,,,,,,,
2,0.0008644922636449337,1023065088.0,1179,,,,0.007369484752416611,,,,,,,,,,
2,0.0008711448754183948,1023065088.0,1189,,,,0.0012497645802795887,,,,,,,,,,
2,0.0008776554022915661,1023065088.0,1199,,,,0.004642369691282511,,,,,,,,,,
2,0.0008840212831273675,1023065088.0,1209,,,,0.0028164288960397243,,,,,,,,,,
2,0.0008902398985810578,1023065088.0,1219,,,,0.009394325315952301,,,,,,,,,,
2,0.0008963087457232177,1023065088.0,1229,,,,0.002797190798446536,,,,,,,,,,
2,0.000902225379832089,1023065088.0,1239,,,,0.012229871936142445,,,,,,,,,,
2,0.000907987414393574,1023065088.0,1249,,,,0.0010240967385470867,,,,,,,,,,
2,0.0009135924628935754,1023065088.0,1259,,,,0.0010875948937609792,,,,,,,,,,
2,0.0009190383716486394,1023065088.0,1269,,,,0.006303300149738789,,,,,,,,,,
2,0.0009243228123523295,1023065088.0,1279,,,,0.0020926091820001602,,,,,,,,,,
2,0.0009294437477365136,1023065088.0,1289,,,,0.0012276050401851535,,,,,,,,,,
2,0.000934399024117738,1023065088.0,1299,,,,0.001785723608918488,,,,,,,,,,
2,,,1301,,,,,,,,0.9982494115829468,0.9995362758636475,0.9982524514198303,0.014222932048141956,0.9965109825134277,1.0,0.6032954454421997
2,0.0009391866624355316,1023065088.0,1309,,,,0.0037078135646879673,,,,,,,,,,
2,0.0009438048000447452,1023065088.0,1319,,,,0.001596769317984581,,,,,,,,,,
2,0.0009482514578849077,1023065088.0,1329,,,,0.0018016139511018991,,,,,,,,,,
2,0.0009525248897261918,1023065088.0,1339,,,,0.001595191191881895,,,,,,,,,,
2,0.0009566233493387699,1023065088.0,1349,,,,0.0014521577395498753,,,,,,,,,,
2,0.0009605452069081366,1023065088.0,1359,,,,0.0005042512784712017,,,,,,,,,,
2,0.0009642888908274472,1023065088.0,1369,,,,0.0007356407586485147,,,,,,,,,,
2,0.000967852829489857,1023065088.0,1379,,,,0.0014003837713971734,,,,,,,,,,
2,0.000971235625911504,1023065088.0,1389,,,,0.0077902390621602535,,,,,,,,,,
2,0.0009744358831085265,1023065088.0,1399,,,,0.006773061119019985,,,,,,,,,,
2,0.0009774522623047233,1023065088.0,1409,,,,0.005780776962637901,,,,,,,,,,
2,0.000980283715762198,1023065088.0,1419,,,,0.001235575182363391,,,,,,,,,,
2,0.0009829289047047496,1023065088.0,1429,,,,0.0017823940142989159,,,,,,,,,,
2,0.0009853868978098035,1023065088.0,1439,,,,0.004094555042684078,,,,,,,,,,
2,0.0009876565309241414,1023065088.0,1449,,,,0.0006884564645588398,,,,,,,,,,
2,0.0009897371055558324,1023065088.0,1459,,,,0.0007710327627137303,,,,,,,,,,
2,0.0009916276903823018,1023065088.0,1469,,,,0.008044146932661533,,,,,,,,,,
2,0.000993327354080975,1023065088.0,1479,,,,0.0004623328277375549,,,,,,,,,,
2,0.0009948356309905648,1023065088.0,1489,,,,0.0008663875050842762,,,,,,,,,,
2,0.0009961518226191401,1023065088.0,1499,,,,0.009429920464754105,,,,,,,,,,
2,0.0009972754633054137,1023065088.0,1509,,,,0.0006037910934537649,,,,,,,,,,
2,0.0009982060873880982,1023065088.0,1519,,,,0.0015987762017175555,,,,,,,,,,
2,0.0009989431127905846,1023065088.0,1529,,,,0.0034272547345608473,,,,,,,,,,
2,0.0009994865395128727,1023065088.0,1539,,,,0.002869192510843277,,,,,,,,,,
2,0.0009998359018936753,1023065088.0,1549,,,,0.0005568069173023105,,,,,,,,,,
2,0.0009999913163483143,1023065088.0,1559,,,,0.00029715680284425616,,,,,,,,,,
2,,,1561,,,,,,,,0.9984089732170105,0.9994311332702637,0.9984114170074463,0.017183730378746986,0.9968279004096985,1.0,0.5360339879989624
2,,,1562,0.9990713000297546,0.9999155402183533,0.9990716576576233,,0.9986689686775208,0.9994746446609497,0.9607862830162048,,,,,,,
3,0.0009999909671023488,1023065088.0,1569,,,,0.008121664635837078,,,,,,,,,,
3,0.000999946380034089,1023065088.0,1579,,,,0.000402564910473302,,,,,,,,,,
3,0.0009998647728934884,1023065088.0,1589,,,,0.0012733113253489137,,,,,,,,,,
3,0.000999746029265225,1023065088.0,1599,,,,0.003501823404803872,,,,,,,,,,
3,0.0009995902655646205,1023065088.0,1609,,,,0.0006510704988613725,,,,,,,,,,
3,0.0009993973653763533,1023065088.0,1619,,,,0.00022235483629629016,,,,,,,,,,
3,0.000999167445115745,1023065088.0,1629,,,,0.0010398989543318748,,,,,,,,,,
3,0.000998900504782796,1023065088.0,1639,,,,0.013246805407106876,,,,,,,,,,
3,0.0009985965443775058,1023065088.0,1649,,,,0.008622950874269009,,,,,,,,,,
3,0.0009982555638998747,1023065088.0,1659,,,,0.0006261297967284918,,,,,,,,,,
3,0.0009978775633499026,1023065088.0,1669,,,,0.00043210291187278926,,,,,,,,,,
3,0.0009974626591429114,1023065088.0,1679,,,,0.00039257167372852564,,,,,,,,,,
3,0.000997010851278901,1023065088.0,1689,,,,0.0004909455892629921,,,,,,,,,,
3,0.0009965222561731935,1023065088.0,1699,,,,0.0006671574665233493,,,,,,,,,,
3,0.0009959966409951448,1023065088.0,1709,,,,0.0004654057847801596,,,,,,,,,,
3,0.0009954343549907207,1023065088.0,1719,,,,0.001244779909029603,,,,,,,,,,
3,0.0009948352817445993,1023065088.0,1729,,,,0.004551575053483248,,,,,,,,,,
3,0.0009941994212567806,1023065088.0,1739,,,,0.00023049137962516397,,,,,,,,,,
3,0.0009935268899425864,1023065088.0,1749,,,,0.0011646205093711615,,,,,,,,,,
3,0.0009928178042173386,1023065088.0,1759,,,,0.0005128998309373856,,,,,,,,,,
3,0.000992072164081037,1023065088.0,1769,,,,0.008812757208943367,,,,,,,,,,
3,0.0009912899695336819,1023065088.0,1779,,,,0.0016308214981108904,,,,,,,,,,
3,0.0009904713369905949,1023065088.0,1789,,,,0.00016968953423202038,,,,,,,,,,
3,0.000989616266451776,1023065088.0,1799,,,,0.0006531401886604726,,,,,,,,,,
3,0.0009887248743325472,1023065088.0,1809,,,,0.0004547368152998388,,,,,,,,,,
3,0.0009877972770482302,1023065088.0,1819,,,,0.00018774098134599626,,,,,,,,,,
3,,,1822,,,,,,,,0.9991236329078674,0.9998726844787598,0.9991244077682495,0.010845865122973919,0.9982503056526184,1.0,0.8774247765541077
3,0.0009868333581835032,1023065088.0,1829,,,,0.000644200190436095,,,,,,,,,,
3,0.0009858334669843316,1023065088.0,1839,,,,0.0012887960765510798,,,,,,,,,,
3,0.0009847973706200719,1023065088.0,1849,,,,0.0009403658332303166,,,,,,,,,,
3,0.0009837254183366895,1023065088.0,1859,,,,0.011312919668853283,,,,,,,,,,
3,0.0009826176101341844,1023065088.0,1869,,,,0.0006105293869040906,,,,,,,,,,
3,0.0009814738295972347,1023065088.0,1879,,,,0.005319633521139622,,,,,,,,,,
3,0.000980294425971806,1023065088.0,1889,,,,0.0010933425510302186,,,,,,,,,,
3,0.0009790793992578983,1023065088.0,1899,,,,0.002078851219266653,,,,,,,,,,
3,0.0009778287494555116,1023065088.0,1909,,,,0.009410097263753414,,,,,,,,,,
3,0.0009765427093952894,1023065088.0,1919,,,,0.001519545679911971,,,,,,,,,,
3,0.0009752212790772319,1023065088.0,1929,,,,0.00027777947252616286,,,,,,,,,,
3,0.0009738646331243217,1023065088.0,1939,,,,0.0014492362970486283,,,,,,,,,,
3,0.0009724727715365589,1023065088.0,1949,,,,0.00019187500583939254,,,,,,,,,,
3,0.0009710458689369261,1023065088.0,1959,,,,0.00037695575156249106,,,,,,,,,,
3,0.0009695839835330844,1023065088.0,1969,,,,0.0011666155187413096,,,,,,,,,,
3,0.0009680872899480164,1023065088.0,1979,,,,8.792216976871714e-05,,,,,,,,,,
3,0.0009665558463893831,1023065088.0,1989,,,,0.006992847193032503,,,,,,,,,,
3,0.0009649897692725062,1023065088.0,1999,,,,0.0002045269648078829,,,,,,,,,,
3,0.0009633892332203686,1023065088.0,2009,,,,0.005449087359011173,,,,,,,,,,
3,0.0009617542964406312,1023065088.0,2019,,,,0.0005795438773930073,,,,,,,,,,
3,0.0009600850753486156,1023065088.0,2029,,,,0.0002775528118945658,,,,,,,,,,
3,0.0009583816863596439,1023065088.0,2039,,,,0.0002655773132573813,,,,,,,,,,
3,0.0009566443623043597,1023065088.0,2049,,,,0.008905460126698017,,,,,,,,,,
3,0.0009548731031827629,1023065088.0,2059,,,,0.0031526496168226004,,,,,,,,,,
3,0.0009530680836178362,1023065088.0,2069,,,,0.00036614600685425103,,,,,,,,,,
3,0.0009512294782325625,1023065088.0,2079,,,,0.00017811420548241585,,,,,,,,,,
3,,,2082,,,,,,,,0.9991194009780884,0.9998744130134583,0.9991201758384705,0.009990017861127853,0.9982418417930603,1.0,0.8736217617988586
3,,,2083,0.9995272159576416,0.9999790191650391,0.9995272755622864,,0.9993398189544678,0.9997148513793945,0.9886888265609741,,,,,,,
4,0.0009493573452346027,1023065088.0,2089,,,,0.0003522527404129505,,,,,,,,,,
4,0.0009474519174546003,1023065088.0,2099,,,,0.0012290372978895903,,,,,,,,,,
4,0.0009455132531002164,1023065088.0,2109,,,,0.004089458379894495,,,,,,,,,,
4,0.0009435415267944336,1023065088.0,2119,,,,0.0017184247262775898,,,,,,,,,,
4,0.0009415369131602347,1023065088.0,2129,,,,0.00011892523616552353,,,,,,,,,,
4,0.0009394995286129415,1023065088.0,2139,,,,0.001733512501232326,,,,,,,,,,
4,0.0009374295477755368,1023065088.0,2149,,,,0.0003149853437207639,,,,,,,,,,
4,0.0009353270870633423,1023065088.0,2159,,,,0.0004963362589478493,,,,,,,,,,
4,0.0009331923210993409,1023065088.0,2169,,,,0.00016718270489946008,,,,,,,,,,
4,0.0009310254245065153,1023065088.0,2179,,,,0.0002982825390063226,,,,,,,,,,
4,0.0009288265137001872,1023065088.0,2189,,,,0.0009058514260686934,,,,,,,,,,
4,0.0009265958215110004,1023065088.0,2199,,,,0.0006773681961931288,,,,,,,,,,
4,0.0009243334643542767,1023065088.0,2209,,,,0.000213905907003209,,,,,,,,,,
4,0.0009220396168529987,1023065088.0,2219,,,,0.0006454585818573833,,,,,,,,,,
4,0.0009197144536301494,1023065088.0,2229,,,,0.0004481539945118129,,,,,,,,,,
4,0.0009173581493087113,1023065088.0,2239,,,,0.0004582537221722305,,,,,,,,,,
4,0.0009149708203040063,1023065088.0,2249,,,,0.0013153128093108535,,,,,,,,,,
4,0.0009125527576543391,1023065088.0,2259,,,,0.00023509396123699844,,,,,,,,,,
4,0.0009101040777750313,1023065088.0,2269,,,,0.0002306549286004156,,,,,,,,,,
4,0.0009076249552890658,1023065088.0,2279,,,,0.0008345906971953809,,,,,,,,,,
4,0.0009051156230270863,1023065088.0,2289,,,,0.0011888230219483376,,,,,,,,,,
4,0.0009025761974044144,1023065088.0,2299,,,,0.0006891161319799721,,,,,,,,,,
4,0.000900006911251694,1023065088.0,2309,,,,0.0010032706195488572,,,,,,,,,,
4,0.0008974078809842467,1023065088.0,2319,,,,0.016373703256249428,,,,,,,,,,
4,0.0008947794558480382,1023065088.0,2329,,,,0.0008417969802394509,,,,,,,,,,
4,0.0008921216940507293,1023065088.0,2339,,,,0.00012486567720770836,,,,,,,,,,
4,,,2343,,,,,,,,0.9994257092475891,0.9999273419380188,0.999426007270813,0.004134566988795996,0.9988526701927185,1.0,0.9258758425712585
4,0.0008894348284229636,1023065088.0,2349,,,,0.0008500411058776081,,,,,,,,,,
4,0.000886719033587724,1023065088.0,2359,,,,0.0006009654025547206,,,,,,,,,,
4,0.0008839746005833149,1023065088.0,2369,,,,0.0004116069176234305,,,,,,,,,,
4,0.0008812016458250582,1023065088.0,2379,,,,0.0005660493043251336,,,,,,,,,,
4,0.0008784004603512585,1023065088.0,2389,,,,0.0003734139900188893,,,,,,,,,,
4,0.0008755711023695767,1023065088.0,2399,,,,0.0001182548439828679,,,,,,,,,,
4,0.0008727139211259782,1023065088.0,2409,,,,0.0004557087959256023,,,,,,,,,,
4,0.0008698290912434459,1023065088.0,2419,,,,0.00017505866708233953,,,,,,,,,,
4,0.0008669168455526233,1023065088.0,2429,,,,5.829113069921732e-05,,,,,,,,,,
4,0.0008639773586764932,1023065088.0,2439,,,,0.00014679024752695113,,,,,,,,,,
4,0.0008610108052380383,1023065088.0,2449,,,,0.0007988165016286075,,,,,,,,,,
4,0.0008580175344832242,1023065088.0,2459,,,,5.5964737839531153e-05,,,,,,,,,,
4,0.0008549976628273726,1023065088.0,2469,,,,0.0006940813036635518,,,,,,,,,,
4,0.0008519514231011271,1023065088.0,2479,,,,0.0007018269971013069,,,,,,,,,,
4,0.0008488791063427925,1023065088.0,2489,,,,0.00011903385166078806,,,,,,,,,,
4,0.0008457808871753514,1023065088.0,2499,,,,2.193100590375252e-05,,,,,,,,,,
4,0.0008426570566371083,1023065088.0,2509,,,,0.00028570223366841674,,,,,,,,,,
4,0.0008395077311433852,1023065088.0,2519,,,,0.00011256249126745388,,,,,,,,,,
4,0.0008363332599401474,1023065088.0,2529,,,,0.00010424909851280972,,,,,,,,,,
4,0.0008331338176503778,1023065088.0,2539,,,,0.0003943177289329469,,,,,,,,,,
4,0.0008299096371047199,1023065088.0,2549,,,,0.00041388548561371863,,,,,,,,,,
4,0.0008266610093414783,1023065088.0,2559,,,,0.0002697538584470749,,,,,,,,,,
4,0.0008233881089836359,1023065088.0,2569,,,,0.0002862655674107373,,,,,,,,,,
4,0.0008200912270694971,1023065088.0,2579,,,,0.00014412737800739706,,,,,,,,,,
4,0.0008167705964297056,1023065088.0,2589,,,,0.0001513201423222199,,,,,,,,,,
4,0.0008134264498949051,1023065088.0,2599,,,,0.0002268395764986053,,,,,,,,,,
4,,,2603,,,,,,,,0.9996490478515625,0.9999251365661621,0.9996490478515625,0.003352259984239936,0.9996596574783325,0.9996383786201477,0.9236249923706055
4,,,2604,0.9997129440307617,0.9999873042106628,0.9997130036354065,,0.9995760917663574,0.9998499155044556,0.993403434753418,,,,,,,
5,0.0008100590785034001,1023065088.0,2609,,,,0.0006760043906979263,,,,,,,,,,
5,0.0008066686568781734,1023065088.0,2619,,,,0.00015103280020412058,,,,,,,,,,
5,0.0008032554760575294,1023065088.0,2629,,,,0.0005378475179895759,,,,,,,,,,
5,0.000799819827079773,1023065088.0,2639,,,,0.0002605595509521663,,,,,,,,,,
5,0.0007963619427755475,1023065088.0,2649,,,,0.0057561215944588184,,,,,,,,,,
5,0.0007928820559754968,1023065088.0,2659,,,,0.0005851052701473236,,,,,,,,,,
5,0.0007893803995102644,1023065088.0,2669,,,,0.0003107082739006728,,,,,,,,,,
5,0.000785857264418155,1023065088.0,2679,,,,0.0003423753660172224,,,,,,,,,,
5,0.0007823129999451339,1023065088.0,2689,,,,0.0005317827453836799,,,,,,,,,,
5,0.0007787477225065231,1023065088.0,2699,,,,0.000336550350766629,,,,,,,,,,
5,0.0007751617813482881,1023065088.0,2709,,,,0.0026386722456663847,,,,,,,,,,
5,0.0007715554093010724,1023065088.0,2719,,,,0.0029000742360949516,,,,,,,,,,
5,0.0007679288974031806,1023065088.0,2729,,,,0.00024341758398804814,,,,,,,,,,
5,0.0007642824784852564,1023065088.0,2739,,,,0.00035899021895602345,,,,,,,,,,
5,0.0007606164435856044,1023065088.0,2749,,,,0.00010223801655229181,,,,,,,,,,
5,0.0007569311419501901,1023065088.0,2759,,,,0.013195358216762543,,,,,,,,,,
5,0.0007532266899943352,1023065088.0,2769,,,,0.00045494441292248666,,,,,,,,,,
5,0.0007495034951716661,1023065088.0,2779,,,,0.0003054732223972678,,,,,,,,,,
5,0.0007457617903128266,1023065088.0,2789,,,,8.260986942332238e-05,,,,,,,,,,
5,0.0007420018082484603,1023065088.0,2799,,,,4.3864121835213155e-05,,,,,,,,,,
5,0.0007382238982245326,1023065088.0,2809,,,,0.015997998416423798,,,,,,,,,,
5,0.0007344283512793481,1023065088.0,2819,,,,0.0002061941777355969,,,,,,,,,,
5,0.0007306153420358896,1023065088.0,2829,,,,0.00024208275135606527,,,,,,,,,,
5,0.0007267852197401226,1023065088.0,2839,,,,0.0001968130236491561,,,,,,,,,,
5,0.0007229383336380124,1023065088.0,2849,,,,0.0003693674807436764,,,,,,,,,,
5,0.0007190748583525419,1023065088.0,2859,,,,7.802237087162212e-05,,,,,,,,,,
5,,,2864,,,,,,,,0.9998234510421753,0.999927282333374,0.9998234510421753,0.0028164293617010117,0.999689519405365,0.9999574422836304,0.9258667826652527
5,0.0007151951431296766,1023065088.0,2869,,,,0.00019245863950345665,,,,,,,,,,
5,0.00071129942080006,1023065088.0,2879,,,,0.0002720084157772362,,,,,,,,,,
5,0.0007073880988173187,1023065088.0,2889,,,,0.00016924718511290848,,,,,,,,,,
5,0.0007034612935967743,1023065088.0,2899,,,,0.00040541854104958475,,,,,,,,,,
5,0.0006995194707997143,1023065088.0,2909,,,,0.00036105007166042924,,,,,,,,,,
5,0.0006955628050491214,1023065088.0,2919,,,,0.00023655701079405844,,,,,,,,,,
5,0.000691591645590961,1023065088.0,2929,,,,2.3125176085159183e-05,,,,,,,,,,
5,0.0006876062252558768,1023065088.0,2939,,,,2.2479760446003638e-05,,,,,,,,,,
5,0.0006836069514974952,1023065088.0,2949,,,,0.0001059107162291184,,,,,,,,,,
5,0.0006795939989387989,1023065088.0,2959,,,,9.930651867762208e-05,,,,,,,,,,
5,0.0006755677168257535,1023065088.0,2969,,,,7.69217949709855e-05,,,,,,,,,,
5,0.0006715284544043243,1023065088.0,2979,,,,0.00033625945798121393,,,,,,,,,,
5,0.0006674764445051551,1023065088.0,2989,,,,4.587145667755976e-05,,,,,,,,,,
5,0.0006634119781665504,1023065088.0,2999,,,,5.90192576055415e-05,,,,,,,,,,
5,0.0006593354046344757,1023065088.0,3009,,,,0.00020364321244414896,,,,,,,,,,
5,0.0006552470149472356,1023065088.0,3019,,,,0.0003925091295968741,,,,,,,,,,
5,0.0006511471001431346,1023065088.0,3029,,,,0.002576395869255066,,,,,,,,,,
5,0.0006470360094681382,1023065088.0,3039,,,,0.00012690213043242693,,,,,,,,,,
5,0.0006429139175452292,1023065088.0,3049,,,,5.144524038769305e-05,,,,,,,,,,
5,0.0006387812900356948,1023065088.0,3059,,,,8.489529136568308e-06,,,,,,,,,,
5,0.0006346383597701788,1023065088.0,3069,,,,3.081789327552542e-05,,,,,,,,,,
5,0.0006304854177869856,1023065088.0,3079,,,,0.00013769941870123148,,,,,,,,,,
5,0.0006263228133320808,1023065088.0,3089,,,,9.802063868846744e-05,,,,,,,,,,
5,0.000622150837443769,1023065088.0,3099,,,,6.045766349416226e-05,,,,,,,,,,
5,0.0006179697811603546,1023065088.0,3109,,,,0.0011672214604914188,,,,,,,,,,
5,0.0006137799937278032,1023065088.0,3119,,,,0.0014676118735224009,,,,,,,,,,
5,,,3124,,,,,,,,0.9998617172241211,0.9999275207519531,0.9998617768287659,0.0027802952099591494,0.9997235536575317,1.0,0.92591392993927
5,,,3125,0.999810516834259,0.9999945759773254,0.999810516834259,,0.9997111558914185,0.9999099373817444,0.9969565868377686,,,,,,,
6,0.0006095817079767585,1023065088.0,3129,,,,0.0037010726518929005,,,,,,,,,,
6,0.0006053753313608468,1023065088.0,3139,,,,0.0001809640962164849,,,,,,,,,,
6,0.0006011611549183726,1023065088.0,3149,,,,0.0009045801125466824,,,,,,,,,,
6,0.0005969394696876407,1023065088.0,3159,,,,0.0002838613872881979,,,,,,,,,,
6,0.0005927105667069554,1023065088.0,3169,,,,7.129897858249024e-05,,,,,,,,,,
6,0.0005884747952222824,1023065088.0,3179,,,,2.0720073734992184e-05,,,,,,,,,,
6,0.0005842324462719262,1023065088.0,3189,,,,7.234615623019636e-05,,,,,,,,,,
6,0.0005799838691018522,1023065088.0,3199,,,,0.0006490739178843796,,,,,,,,,,
6,0.0005757292965427041,1023065088.0,3209,,,,7.753641693852842e-05,,,,,,,,,,
6,0.0005714691942557693,1023065088.0,3219,,,,8.849063306115568e-05,,,,,,,,,,
6,0.0005672037368640304,1023065088.0,3229,,,,8.452252222923562e-05,,,,,,,,,,
6,0.0005629332736134529,1023065088.0,3239,,,,7.866944361012429e-05,,,,,,,,,,
6,0.0005586582119576633,1023065088.0,3249,,,,0.0007671359926462173,,,,,,,,,,
6,0.0005543787265196443,1023065088.0,3259,,,,0.00018684257520362735,,,,,,,,,,
6,0.0005500952247530222,1023065088.0,3269,,,,3.903297329088673e-05,,,,,,,,,,
6,0.0005458079976961017,1023065088.0,3279,,,,3.405562893021852e-05,,,,,,,,,,
6,0.0005415173945948482,1023065088.0,3289,,,,0.001009477535262704,,,,,,,,,,
6,0.0005372237064875662,1023065088.0,3299,,,,0.00010158427176065743,,,,,,,,,,
6,0.0005329272826202214,1023065088.0,3309,,,,0.0011159502901136875,,,,,,,,,,
6,0.0005286283558234572,1023065088.0,3319,,,,4.060469655087218e-05,,,,,,,,,,
6,0.0005243273917585611,1023065088.0,3329,,,,0.00015714224718976766,,,,,,,,,,
6,0.0005200245650485158,1023065088.0,3339,,,,0.0005503622815012932,,,,,,,,,,
6,0.0005157202249392867,1023065088.0,3349,,,,0.0014058833476155996,,,,,,,,,,
6,0.0005114147788845003,1023065088.0,3359,,,,4.518643982009962e-05,,,,,,,,,,
6,0.0005071084597148001,1023065088.0,3369,,,,2.2623495169682428e-05,,,,,,,,,,
6,0.0005028015584684908,1023065088.0,3379,,,,2.5499577532173134e-05,,,,,,,,,,
6,,,3385,,,,,,,,0.999840497970581,0.9999294877052307,0.999840497970581,0.003077457891777158,0.9996810555458069,1.0,0.9280829429626465
6,0.0004984945408068597,1023065088.0,3389,,,,4.81308888993226e-05,,,,,,,,,,
6,0.0004941875813528895,1023065088.0,3399,,,,8.406991400988773e-05,,,,,,,,,,
6,0.0004898810875602067,1023065088.0,3409,,,,2.1748819563072175e-05,,,,,,,,,,
6,0.00048557529225945473,1023065088.0,3419,,,,1.5811965567991138e-05,,,,,,,,,,
6,0.00048127060290426016,1023065088.0,3429,,,,0.001307342085056007,,,,,,,,,,
6,0.0004769673105329275,1023065088.0,3439,,,,9.163565118797123e-05,,,,,,,,,,
6,0.00047266570618376136,1023065088.0,3449,,,,4.9789137847255915e-05,,,,,,,,,,
6,0.0004683661391027272,1023065088.0,3459,,,,1.2128373782616109e-05,,,,,,,,,,
6,0.00046406892943196,1023065088.0,3469,,,,6.211752861418063e-06,,,,,,,,,,
6,0.00045977436820976436,1023065088.0,3479,,,,0.00011154080857522786,,,,,,,,,,
6,0.0004554828046821058,1023065088.0,3489,,,,8.874985360307619e-05,,,,,,,,,,
6,0.00045119455899111927,1023065088.0,3499,,,,0.00018464461027178913,,,,,,,,,,
6,0.0004469099221751094,1023065088.0,3509,,,,4.5939501433167607e-05,,,,,,,,,,
6,0.00044262921437621117,1023065088.0,3519,,,,7.032173743937165e-05,,,,,,,,,,
6,0.00043835275573655963,1023065088.0,3529,,,,0.0019621120300143957,,,,,,,,,,
6,0.00043408089550212026,1023065088.0,3539,,,,2.016272264881991e-05,,,,,,,,,,
6,0.0004298139247111976,1023065088.0,3549,,,,4.043847366119735e-05,,,,,,,,,,
6,0.00042555213440209627,1023065088.0,3559,,,,0.0002114246308337897,,,,,,,,,,
6,0.00042129590292461216,1023065088.0,3569,,,,2.5763551093405113e-05,,,,,,,,,,
6,0.0004170454922132194,1023065088.0,3579,,,,4.673344665206969e-05,,,,,,,,,,
6,0.00041280125151388347,1023065088.0,3589,,,,5.048887396696955e-05,,,,,,,,,,
6,0.00040856347186490893,1023065088.0,3599,,,,0.0010734964162111282,,,,,,,,,,
6,0.0004043324734084308,1023065088.0,3609,,,,4.234494917909615e-05,,,,,,,,,,
6,0.00040010857628658414,1023065088.0,3619,,,,3.364082658663392e-05,,,,,,,,,,
6,0.00039589210064150393,1023065088.0,3629,,,,0.00028016793658025563,,,,,,,,,,
6,0.00039168333751149476,1023065088.0,3639,,,,9.183593647321686e-05,,,,,,,,,,
6,,,3645,,,,,,,,0.9998064637184143,0.9999293684959412,0.9998064637184143,0.0031227522995322943,0.9997660517692566,0.999846875667572,0.9280831813812256
6,,,3646,0.9998705387115479,0.9999990463256836,0.9998705387115479,,0.9998161792755127,0.9999249577522278,0.999538242816925,,,,,,,
7,0.0003874826361425221,1023065088.0,3649,,,,4.880812775809318e-05,,,,,,,,,,
7,0.00038329025846906006,1023065088.0,3659,,,,1.7403614037903026e-05,,,,,,,,,,
7,0.00037910655373707414,1023065088.0,3669,,,,0.0009437864646315575,,,,,,,,,,
7,0.0003749318129848689,1023065088.0,3679,,,,0.00024385168217122555,,,,,,,,,,
7,0.00037076635635457933,1023065088.0,3689,,,,0.00010363533510826528,,,,,,,,,,
7,0.00036661047488451004,1023065088.0,3699,,,,1.4988383554737084e-05,,,,,,,,,,
7,0.0003624645178206265,1023065088.0,3709,,,,0.0008079661056399345,,,,,,,,,,
7,0.0003583287470974028,1023065088.0,3719,,,,4.931899457005784e-05,,,,,,,,,,
7,0.000354203482856974,1023065088.0,3729,,,,5.215443889028393e-05,,,,,,,,,,
7,0.00035008907434530556,1023065088.0,3739,,,,7.715219544479623e-05,,,,,,,,,,
7,0.00034598575439304113,1023065088.0,3749,,,,0.0007927604601718485,,,,,,,,,,
7,0.0003418938722461462,1023065088.0,3759,,,,0.00011512938363011926,,,,,,,,,,
7,0.00033781371894292533,1023065088.0,3769,,,,5.25150571775157e-05,,,,,,,,,,
7,0.00033374561462551355,1023065088.0,3779,,,,2.6075871573993936e-05,,,,,,,,,,
7,0.00032968985033221543,1023065088.0,3789,,,,0.0002563974412623793,,,,,,,,,,
7,0.00032564668799750507,1023065088.0,3799,,,,9.014752868097275e-05,,,,,,,,,,
7,0.0003216165059711784,1023065088.0,3809,,,,0.00013554746692534536,,,,,,,,,,
7,0.0003175995370838791,1023065088.0,3819,,,,4.395550422486849e-05,,,,,,,,,,
7,0.0003135961014777422,1023065088.0,3829,,,,1.770971721271053e-05,,,,,,,,,,
7,0.0003096065192949027,1023065088.0,3839,,,,2.329084418306593e-05,,,,,,,,,,
7,0.0003056310524698347,1023065088.0,3849,,,,0.0011809852439910173,,,,,,,,,,
7,0.00030166999204084277,1023065088.0,3859,,,,1.647248791414313e-05,,,,,,,,,,
7,0.00029772365815006196,1023065088.0,3869,,,,0.0006511016399599612,,,,,,,,,,
7,0.00029379234183579683,1023065088.0,3879,,,,1.1829653885797597e-05,,,,,,,,,,
7,0.00028987633413635194,1023065088.0,3889,,,,1.875764792202972e-05,,,,,,,,,,
7,0.0002859758969862014,1023065088.0,3899,,,,0.0005531060742214322,,,,,,,,,,
7,,,3906,,,,,,,,0.999859631061554,0.9999315142631531,0.999859631061554,0.002721291035413742,0.9997618198394775,0.9999574422836304,0.9302778840065002
7,0.0002820913796313107,1023065088.0,3909,,,,1.840958429966122e-05,,,,,,,,,,
7,0.00027822298579849303,1023065088.0,3919,,,,5.8355570217827335e-05,,,,,,,,,,
7,0.00027437106473371387,1023065088.0,3929,,,,3.2186173484660685e-05,,,,,,,,,,
7,0.0002705359074752778,1023065088.0,3939,,,,1.2459953723009676e-05,,,,,,,,,,
7,0.00026671774685382843,1023065088.0,3949,,,,0.00103180471342057,,,,,,,,,,
7,0.0002629169321153313,1023065088.0,3959,,,,2.1356725483201444e-05,,,,,,,,,,
7,0.00025913366698659956,1023065088.0,3969,,,,3.66364729416091e-05,,,,,,,,,,
7,0.00025536830071359873,1023065088.0,3979,,,,0.00013297269470058382,,,,,,,,,,
7,0.0002516210952308029,1023065088.0,3989,,,,5.951031198492274e-05,,,,,,,,,,
7,0.00024789231247268617,1023065088.0,3999,,,,7.357578851951985e-06,,,,,,,,,,
7,0.00024418221437372267,1023065088.0,4009,,,,4.36730551882647e-05,,,,,,,,,,
7,0.00024049112107604742,1023065088.0,4019,,,,0.00020962086273357272,,,,,,,,,,
7,0.0002368192799622193,1023065088.0,4029,,,,3.1283423595596105e-05,,,,,,,,,,
7,0.00023316696751862764,1023065088.0,4039,,,,3.1827566999709234e-05,,,,,,,,,,
7,0.0002295344602316618,1023065088.0,4049,,,,1.4880942217132542e-05,,,,,,,,,,
7,0.00022592202003579587,1023065088.0,4059,,,,0.0006545435753650963,,,,,,,,,,
7,0.0002223299234174192,1023065088.0,4069,,,,3.114598075626418e-05,,,,,,,,,,
7,0.00021875841775909066,1023065088.0,4079,,,,3.284679405624047e-05,,,,,,,,,,
7,0.00021520779409911484,1023065088.0,4089,,,,3.499081140034832e-05,,,,,,,,,,
7,0.00021167828526813537,1023065088.0,4099,,,,1.8616039596963674e-05,,,,,,,,,,
7,0.00020817018230445683,1023065088.0,4109,,,,0.0003930639068130404,,,,,,,,,,
7,0.00020468374714255333,1023065088.0,4119,,,,4.174266359768808e-05,,,,,,,,,,
7,0.00020121921261306852,1023065088.0,4129,,,,1.2455991054594051e-05,,,,,,,,,,
7,0.00019777684065047652,1023065088.0,4139,,,,5.205625348025933e-05,,,,,,,,,,
7,0.00019435690774116665,1023065088.0,4149,,,,7.797899343131576e-06,,,,,,,,,,
7,0.00019095964671578258,1023065088.0,4159,,,,0.0006628273404203355,,,,,,,,,,
7,,,4166,,,,,,,,0.9998872876167297,0.999931275844574,0.9998872876167297,0.0026855282485485077,0.9998000860214233,0.9999744892120361,0.9302693605422974
7,,,4167,0.999923050403595,0.9999972581863403,0.999923050403595,,0.9998986721038818,0.9999474883079529,0.9977928400039673,,,,,,,
8,0.00018758533406071365,1023065088.0,4169,,,,0.0001699878484942019,,,,,,,,,,
8,0.00018423418805468827,1023065088.0,4179,,,,0.002763269003480673,,,,,,,,,,
8,0.00018090647063218057,1023065088.0,4189,,,,0.00012750766472890973,,,,,,,,,,
8,0.00017760244372766465,1023065088.0,4199,,,,6.652031152043492e-05,,,,,,,,,,
8,0.00017432232561986893,1023065088.0,4209,,,,2.533769020374166e-06,,,,,,,,,,
8,0.00017106639279518276,1023065088.0,4219,,,,3.199736602255143e-05,,,,,,,,,,
8,0.00016783484898041934,1023065088.0,4229,,,,4.062732114107348e-05,,,,,,,,,,
8,0.000164627970661968,1023065088.0,4239,,,,2.224670424766373e-05,,,,,,,,,,
8,0.00016144596156664193,1023065088.0,4249,,,,0.00038917071651667356,,,,,,,,,,
8,0.00015828908362891525,1023065088.0,4259,,,,0.00017550431948620826,,,,,,,,,,
8,0.00015515756967943162,1023065088.0,4269,,,,7.602431287523359e-05,,,,,,,,,,
8,0.00015205163799691945,1023065088.0,4279,,,,5.15278079546988e-05,,,,,,,,,,
8,0.0001489715214120224,1023065088.0,4289,,,,3.1951003620633855e-05,,,,,,,,,,
8,0.00014591745275538415,1023065088.0,4299,,,,0.0038673460949212313,,,,,,,,,,
8,0.0001428896648576483,1023065088.0,4309,,,,2.0209423382766545e-05,,,,,,,,,,
8,0.0001398883614456281,1023065088.0,4319,,,,3.506849316181615e-05,,,,,,,,,,
8,0.0001369137899018824,1023065088.0,4329,,,,2.3021153538138606e-05,,,,,,,,,,
8,0.00013396616850513965,1023065088.0,4339,,,,0.0001284881291212514,,,,,,,,,,
8,0.00013104570098221302,1023065088.0,4349,,,,0.00014161992294248194,,,,,,,,,,
8,0.00012815260561183095,1023065088.0,4359,,,,0.0018779948586598039,,,,,,,,,,
8,0.0001252871152246371,1023065088.0,4369,,,,0.002696855692192912,,,,,,,,,,
8,0.0001224494189955294,1023065088.0,4379,,,,4.7571767936460674e-05,,,,,,,,,,
8,0.00011963974247919396,1023065088.0,4389,,,,2.3194506866275333e-05,,,,,,,,,,
8,0.00011685828940244392,1023065088.0,4399,,,,0.00012725137639790773,,,,,,,,,,
8,0.0001141052707680501,1023065088.0,4409,,,,0.00042203665361739695,,,,,,,,,,
8,0.0001113808830268681,1023065088.0,4419,,,,1.8757731595542282e-05,,,,,,,,,,
8,,,4427,,,,,,,,0.9998276829719543,0.9999354481697083,0.9998276829719543,0.0025403392501175404,0.9998128414154053,0.9998425841331482,0.9345822930335999
8,0.00010868533718166873,1023065088.0,4429,,,,0.00018209818517789245,,,,,,,,,,
8,0.00010601882240734994,1023065088.0,4439,,,,2.9482729587471113e-05,,,,,,,,,,
8,0.00010338154970668256,1023065088.0,4449,,,,0.00014922258560545743,,,,,,,,,,
8,0.00010077370097860694,1023065088.0,4459,,,,0.0012717620702460408,,,,,,,,,,
8,9.819547994993627e-05,1023065088.0,4469,,,,0.00019060735940001905,,,,,,,,,,
8,9.564707579556853e-05,1023065088.0,4479,,,,3.454813486314379e-05,,,,,,,,,,
8,9.312867041444406e-05,1023065088.0,4489,,,,2.4419030523858964e-05,,,,,,,,,,
8,9.064046025741845e-05,1023065088.0,4499,,,,5.442270412459038e-05,,,,,,,,,,
8,8.818262722343206e-05,1023065088.0,4509,,,,4.090010770596564e-05,,,,,,,,,,
8,8.575535321142524e-05,1023065088.0,4519,,,,9.037201380124316e-06,,,,,,,,,,
8,8.335881284438074e-05,1023065088.0,4529,,,,0.000734617467969656,,,,,,,,,,
8,8.099319529719651e-05,1023065088.0,4539,,,,8.186623745132238e-05,,,,,,,,,,
8,7.865866791689768e-05,1023065088.0,4549,,,,0.00010558640497038141,,,,,,,,,,
8,7.635539805050939e-05,1023065088.0,4559,,,,9.298131772084162e-06,,,,,,,,,,
8,7.40835748729296e-05,1023065088.0,4569,,,,1.873961628007237e-05,,,,,,,,,,
8,7.184335117926821e-05,1023065088.0,4579,,,,0.0002274047874379903,,,,,,,,,,
8,6.963490159250796e-05,1023065088.0,4589,,,,9.082692486117594e-06,,,,,,,,,,
8,6.745838618371636e-05,1023065088.0,4599,,,,3.400378045625985e-05,,,,,,,,,,
8,6.531396502396092e-05,1023065088.0,4609,,,,1.4444694897974841e-05,,,,,,,,,,
8,6.320179818430915e-05,1023065088.0,4619,,,,2.2559646822628565e-05,,,,,,,,,,
8,6.112204573582858e-05,1023065088.0,4629,,,,0.0001466740359319374,,,,,,,,,,
8,5.907486047362909e-05,1023065088.0,4639,,,,9.002573278849013e-06,,,,,,,,,,
8,5.706039155484177e-05,1023065088.0,4649,,,,3.9960559661267325e-05,,,,,,,,,,
8,5.507879177457653e-05,1023065088.0,4659,,,,0.0006499048904515803,,,,,,,,,,
8,5.3130206651985645e-05,1023065088.0,4669,,,,2.9144614018150605e-05,,,,,,,,,,
8,5.12147817062214e-05,1023065088.0,4679,,,,0.0002409461885690689,,,,,,,,,,
8,,,4687,,,,,,,,0.999853253364563,0.9999354481697083,0.999853253364563,0.0025552858132869005,0.9998128414154053,0.9998936653137207,0.9345647692680359
8,,,4688,0.9999043345451355,0.9999971985816956,0.9999043345451355,,0.9998536705970764,0.9999549984931946,0.997847855091095,,,,,,,
9,4.9332658818457276e-05,1023065600.0,4689,,,,4.603866909747012e-05,,,,,,,,,,
9,4.7483976231887937e-05,1023065088.0,4699,,,,4.027634713565931e-05,,,,,,,,,,
9,4.5668872189708054e-05,1023065088.0,4709,,,,0.00020055752247571945,,,,,,,,,,
9,4.388748129713349e-05,1023065088.0,4719,,,,0.0011093736393377185,,,,,,,,,,
9,4.21399345214013e-05,1023065088.0,4729,,,,3.1502855563303456e-05,,,,,,,,,,
9,4.042636646772735e-05,1023065088.0,4739,,,,1.421542856405722e-05,,,,,,,,,,
9,3.8746897189412266e-05,1023065088.0,4749,,,,3.745875073946081e-05,,,,,,,,,,
9,3.710165765369311e-05,1023065088.0,4759,,,,5.904379941057414e-05,,,,,,,,,,
9,3.5490764275891706e-05,1023065088.0,4769,,,,0.00024228669644799083,,,,,,,,,,
9,3.39143407472875e-05,1023065088.0,4779,,,,8.935840014601126e-05,,,,,,,,,,
9,3.237250348320231e-05,1023065088.0,4789,,,,5.646208592224866e-05,,,,,,,,,,
9,3.086536526097916e-05,1023065088.0,4799,,,,3.481750172795728e-05,,,,,,,,,,
9,2.939303703897167e-05,1023065088.0,4809,,,,2.1137002477189526e-05,,,,,,,,,,
9,2.7955631594522856e-05,1023065088.0,4819,,,,0.0020778183825314045,,,,,,,,,,
9,2.655325261002872e-05,1023065088.0,4829,,,,0.00031792972004041076,,,,,,,,,,
9,2.518600558687467e-05,1023065088.0,4839,,,,2.5518733309581876e-05,,,,,,,,,,
9,2.3853992388467304e-05,1023065088.0,4849,,,,5.091188722872175e-05,,,,,,,,,,
9,2.2557311240234412e-05,1023065088.0,4859,,,,0.00023374737065751106,,,,,,,,,,
9,2.129605672962498e-05,1023065088.0,4869,,,,6.775898509658873e-05,,,,,,,,,,
9,2.0070325263077393e-05,1023065088.0,4879,,,,0.00037243744009174407,,,,,,,,,,
9,1.8880205971072428e-05,1023065088.0,4889,,,,0.00011245904897805303,,,,,,,,,,
9,1.7725787984090857e-05,1023065088.0,4899,,,,7.684206138947047e-06,,,,,,,,,,
9,1.6607156794634648e-05,1023065088.0,4909,,,,0.00019727303879335523,,,,,,,,,,
9,1.552439425722696e-05,1023065088.0,4919,,,,7.530099537689239e-05,,,,,,,,,,
9,1.4477583135885652e-05,1023065088.0,4929,,,,0.00011912750778719783,,,,,,,,,,
9,1.3466799828165676e-05,1023065088.0,4939,,,,4.974946205038577e-05,,,,,,,,,,
9,,,4948,,,,,,,,0.9997659921646118,0.9999374151229858,0.9997659921646118,0.00253537530079484,0.9998213052749634,0.999710738658905,0.9367341995239258
9,1.2492118003137875e-05,1021718016.0,4949,,,,3.116939478786662e-05,,,,,,,,,,
9,1.1553612239367794e-05,1023065088.0,4959,,,,1.7264948837691918e-05,,,,,,,,,,
9,1.0651350748958066e-05,1023065088.0,4969,,,,1.595254616404418e-05,,,,,,,,,,
9,9.785400834516622e-06,1023065088.0,4979,,,,4.457933391677216e-05,,,,,,,,,,
9,8.955827070167288e-06,1023065088.0,4989,,,,5.1207236538175493e-05,,,,,,,,,,
9,8.162690392055083e-06,1023065088.0,4999,,,,9.939653682522476e-05,,,,,,,,,,
9,7.406049917335622e-06,1023065088.0,5009,,,,3.4556316677480936e-05,,,,,,,,,,
9,6.685962034680415e-06,1023065088.0,5019,,,,3.0242019420256838e-05,,,,,,,,,,
9,6.002479949529516e-06,1023065088.0,5029,,,,0.0005028997547924519,,,,,,,,,,
9,5.355654593586223e-06,1023065088.0,5039,,,,4.664422704081517e-06,,,,,,,,,,
9,4.745533715322381e-06,1023065088.0,5049,,,,8.466861618217081e-05,,,,,,,,,,
9,4.172162789473077e-06,1023065088.0,5059,,,,0.0011095136869698763,,,,,,,,,,
9,3.6355843349156203e-06,1023065088.0,5069,,,,5.452806726680137e-05,,,,,,,,,,
9,3.135837914669537e-06,1023065088.0,5079,,,,5.014589260099456e-05,,,,,,,,,,
9,2.6729610453912755e-06,1023065088.0,5089,,,,6.714063056278974e-05,,,,,,,,,,
9,2.246987605758477e-06,1023065088.0,5099,,,,2.9168164473958313e-05,,,,,,,,,,
9,1.8579495417725411e-06,1023065088.0,5109,,,,7.800789171596989e-05,,,,,,,,,,
9,1.5058756162034115e-06,1023065088.0,5119,,,,7.509089482482523e-05,,,,,,,,,,
9,1.190791977023764e-06,1023065088.0,5129,,,,7.2547780291643e-05,,,,,,,,,,
9,9.127218731919129e-07,1023065088.0,5139,,,,0.00020536166266538203,,,,,,,,,,
9,6.716860525557422e-07,1023065088.0,5149,,,,5.884460551897064e-05,,,,,,,,,,
9,4.6770242079219315e-07,1023065088.0,5159,,,,7.964458200149238e-05,,,,,,,,,,
9,3.0078606982897327e-07,1023065088.0,5169,,,,0.0008178501157090068,,,,,,,,,,
9,1.709493915313942e-07,1023065088.0,5179,,,,0.007922808639705181,,,,,,,,,,
9,7.820202085895289e-08,1023065088.0,5189,,,,5.100597263663076e-06,,,,,,,,,,
9,2.255085007618618e-08,1023065088.0,5199,,,,0.00017443730030208826,,,,,,,,,,
9,,,5208,,,,,,,,0.9997851848602295,0.9999375343322754,0.9997851252555847,0.0025230091996490955,0.9998213052749634,0.9997490048408508,0.9367213845252991
9,3.999999886872274e-09,546041856.0,5209,,,,0.0001552134199300781,,,,,,,,,,
9,,,5209,0.9999362230300903,0.9999969601631165,0.9999362230300903,,0.9999174475669861,0.9999549984931946,0.9976930618286133,,,,,,,
