train_loss,lr,memory,epoch,step,val_loss,val_f1,val_tpr,val_acc,val_auc,val_recall,val_precision,train_f1,train_tpr,train_acc,train_auc,train_recall,train_precision
0.7314401268959045,0.0010000000474974513,1756583424.0,0,0,,,,,,,,,,,,,
0.7039332389831543,0.0010000000474974513,1769154560.0,0,1,,,,,,,,,,,,,
0.7063828706741333,0.0010000000474974513,1769156608.0,0,2,,,,,,,,,,,,,
0.6944388151168823,0.0010000000474974513,1769158656.0,0,3,,,,,,,,,,,,,
0.6933183670043945,0.0010000000474974513,1769160704.0,0,4,,,,,,,,,,,,,
0.693278431892395,0.0010000000474974513,1769162752.0,0,5,,,,,,,,,,,,,
0.6986932158470154,0.0010000000474974513,1769164800.0,0,6,,,,,,,,,,,,,
0.6929619312286377,0.0010000000474974513,1769166848.0,0,7,,,,,,,,,,,,,
0.6929353475570679,0.0010000000474974513,1769168896.0,0,8,,,,,,,,,,,,,
0.689945638179779,0.0010000000474974513,1769170944.0,0,9,,,,,,,,,,,,,
0.6860228776931763,0.0010000000474974513,1769172992.0,0,10,,,,,,,,,,,,,
0.6907482743263245,0.0010000000474974513,1769175040.0,0,11,,,,,,,,,,,,,
0.6776522397994995,0.0010000000474974513,1769177088.0,0,12,,,,,,,,,,,,,
0.7052626609802246,0.0010000000474974513,1769179136.0,0,13,,,,,,,,,,,,,
0.6829624772071838,0.0010000000474974513,1769181184.0,0,14,,,,,,,,,,,,,
0.6909674406051636,0.0010000000474974513,1769183232.0,0,15,,,,,,,,,,,,,
0.6788668632507324,0.0010000000474974513,1769185280.0,0,16,,,,,,,,,,,,,
0.6904908418655396,0.0010000000474974513,1769187328.0,0,17,,,,,,,,,,,,,
0.6814748644828796,0.0010000000474974513,1769189376.0,0,18,,,,,,,,,,,,,
0.6722664833068848,0.0010000000474974513,1769191424.0,0,19,,,,,,,,,,,,,
0.6650629639625549,0.0010000000474974513,1769193472.0,0,20,,,,,,,,,,,,,
0.6605597734451294,0.0010000000474974513,1769195520.0,0,21,,,,,,,,,,,,,
0.671552300453186,0.0010000000474974513,1769197568.0,0,22,,,,,,,,,,,,,
0.6462547183036804,0.0010000000474974513,1769199616.0,0,23,,,,,,,,,,,,,
0.6271452903747559,0.0010000000474974513,1769201664.0,0,24,,,,,,,,,,,,,
0.6594628095626831,0.0010000000474974513,1769203712.0,0,25,,,,,,,,,,,,,
0.6196178197860718,0.0010000000474974513,1769205760.0,0,26,,,,,,,,,,,,,
0.6262184381484985,0.0010000000474974513,1769207808.0,0,27,,,,,,,,,,,,,
0.6127291917800903,0.0010000000474974513,1769209856.0,0,28,,,,,,,,,,,,,
0.5944812893867493,0.0010000000474974513,1769211904.0,0,29,,,,,,,,,,,,,
0.574583888053894,0.0010000000474974513,1769213952.0,0,30,,,,,,,,,,,,,
0.5712894201278687,0.0010000000474974513,1769216000.0,0,31,,,,,,,,,,,,,
0.5406686067581177,0.0010000000474974513,1769218048.0,0,32,,,,,,,,,,,,,
0.5327757596969604,0.0010000000474974513,1769220096.0,0,33,,,,,,,,,,,,,
0.43320024013519287,0.0010000000474974513,1769222144.0,0,34,,,,,,,,,,,,,
0.44836199283599854,0.0010000000474974513,1769224192.0,0,35,,,,,,,,,,,,,
0.4172534942626953,0.0010000000474974513,1769226240.0,0,36,,,,,,,,,,,,,
0.3520880341529846,0.0010000000474974513,1769228288.0,0,37,,,,,,,,,,,,,
0.35683852434158325,0.0010000000474974513,1769230336.0,0,38,,,,,,,,,,,,,
0.37022605538368225,0.0010000000474974513,1769232384.0,0,39,,,,,,,,,,,,,
0.35411709547042847,0.0010000000474974513,1769234432.0,0,40,,,,,,,,,,,,,
0.3532456159591675,0.0010000000474974513,1769236480.0,0,41,,,,,,,,,,,,,
0.2938249111175537,0.0010000000474974513,1769238528.0,0,42,,,,,,,,,,,,,
0.2723253667354584,0.0010000000474974513,1769240576.0,0,43,,,,,,,,,,,,,
0.20238716900348663,0.0010000000474974513,1769242624.0,0,44,,,,,,,,,,,,,
0.2740853428840637,0.0010000000474974513,1769244672.0,0,45,,,,,,,,,,,,,
0.1845254749059677,0.0010000000474974513,1769246720.0,0,46,,,,,,,,,,,,,
0.20519903302192688,0.0010000000474974513,1769248768.0,0,47,,,,,,,,,,,,,
0.16912086308002472,0.0010000000474974513,1769250816.0,0,48,,,,,,,,,,,,,
0.22034400701522827,0.0010000000474974513,1769252864.0,0,49,,,,,,,,,,,,,
0.20462019741535187,0.0010000000474974513,1769254912.0,0,50,,,,,,,,,,,,,
0.18289059400558472,0.0010000000474974513,1769256960.0,0,51,,,,,,,,,,,,,
0.1977153718471527,0.0010000000474974513,1769259008.0,0,52,,,,,,,,,,,,,
0.10089738667011261,0.0010000000474974513,1769261056.0,0,53,,,,,,,,,,,,,
0.18633577227592468,0.0010000000474974513,1769263104.0,0,54,,,,,,,,,,,,,
0.24313212931156158,0.0010000000474974513,1769265152.0,0,55,,,,,,,,,,,,,
0.17581751942634583,0.0010000000474974513,1769267200.0,0,56,,,,,,,,,,,,,
0.27338382601737976,0.0010000000474974513,1769269248.0,0,57,,,,,,,,,,,,,
0.15864133834838867,0.0010000000474974513,1769271296.0,0,58,,,,,,,,,,,,,
,,,0,58,0.6940627694129944,0.8746355772018433,0.6213186362562076,0.8566666841506958,0.994604229927063,1.0,0.7772020697593689,,,,,,
0.16709992289543152,0.0010000000474974513,1767927808.0,0,59,,,,,,,,,,,,,
0.10643480718135834,0.0010000000474974513,1769276928.0,0,60,,,,,,,,,,,,,
0.1175781711935997,0.0010000000474974513,1769278976.0,0,61,,,,,,,,,,,,,
0.14254914224147797,0.0010000000474974513,1769281024.0,0,62,,,,,,,,,,,,,
0.24852994084358215,0.0010000000474974513,1769283072.0,0,63,,,,,,,,,,,,,
0.163077712059021,0.0010000000474974513,1769285120.0,0,64,,,,,,,,,,,,,
0.13228267431259155,0.0010000000474974513,1769287168.0,0,65,,,,,,,,,,,,,
0.1518116295337677,0.0010000000474974513,1769289216.0,0,66,,,,,,,,,,,,,
0.11955871433019638,0.0010000000474974513,1769291264.0,0,67,,,,,,,,,,,,,
0.16661933064460754,0.0010000000474974513,1769293312.0,0,68,,,,,,,,,,,,,
0.14133292436599731,0.0010000000474974513,1769295360.0,0,69,,,,,,,,,,,,,
0.1539412885904312,0.0010000000474974513,1769297408.0,0,70,,,,,,,,,,,,,
0.12159401923418045,0.0010000000474974513,1769299456.0,0,71,,,,,,,,,,,,,
0.11488804221153259,0.0010000000474974513,1769301504.0,0,72,,,,,,,,,,,,,
0.0944417342543602,0.0010000000474974513,1769303552.0,0,73,,,,,,,,,,,,,
0.15699118375778198,0.0010000000474974513,1769305600.0,0,74,,,,,,,,,,,,,
0.15496692061424255,0.0010000000474974513,1769307648.0,0,75,,,,,,,,,,,,,
0.14795824885368347,0.0010000000474974513,1769309696.0,0,76,,,,,,,,,,,,,
0.1162576675415039,0.0010000000474974513,1769311744.0,0,77,,,,,,,,,,,,,
0.19505393505096436,0.0010000000474974513,1769313792.0,0,78,,,,,,,,,,,,,
0.10694341361522675,0.0010000000474974513,1769315840.0,0,79,,,,,,,,,,,,,
0.08632557094097137,0.0010000000474974513,1769317888.0,0,80,,,,,,,,,,,,,
0.07486150413751602,0.0010000000474974513,1769319936.0,0,81,,,,,,,,,,,,,
0.10471732914447784,0.0010000000474974513,1769321984.0,0,82,,,,,,,,,,,,,
0.17581310868263245,0.0010000000474974513,1769324032.0,0,83,,,,,,,,,,,,,
0.10960452258586884,0.0010000000474974513,1769326080.0,0,84,,,,,,,,,,,,,
0.08617065846920013,0.0010000000474974513,1769328128.0,0,85,,,,,,,,,,,,,
0.07457095384597778,0.0010000000474974513,1769330176.0,0,86,,,,,,,,,,,,,
0.11211026459932327,0.0010000000474974513,1769332224.0,0,87,,,,,,,,,,,,,
0.08844402432441711,0.0010000000474974513,1769334272.0,0,88,,,,,,,,,,,,,
0.06584969162940979,0.0010000000474974513,1769336320.0,0,89,,,,,,,,,,,,,
0.1787099838256836,0.0010000000474974513,1769338368.0,0,90,,,,,,,,,,,,,
0.11139849573373795,0.0010000000474974513,1769340416.0,0,91,,,,,,,,,,,,,
0.14533069729804993,0.0010000000474974513,1769342464.0,0,92,,,,,,,,,,,,,
0.09854394197463989,0.0010000000474974513,1769344512.0,0,93,,,,,,,,,,,,,
0.08836936205625534,0.0010000000474974513,1769346560.0,0,94,,,,,,,,,,,,,
0.15568199753761292,0.0010000000474974513,1769348608.0,0,95,,,,,,,,,,,,,
0.08288036286830902,0.0010000000474974513,1769350656.0,0,96,,,,,,,,,,,,,
0.06571203470230103,0.0010000000474974513,1769352704.0,0,97,,,,,,,,,,,,,
0.11123688519001007,0.0010000000474974513,1769354752.0,0,98,,,,,,,,,,,,,
0.06564349681138992,0.0010000000474974513,1769356800.0,0,99,,,,,,,,,,,,,
0.10612097382545471,0.0010000000474974513,1769358848.0,0,100,,,,,,,,,,,,,
0.09772485494613647,0.0010000000474974513,1769360896.0,0,101,,,,,,,,,,,,,
0.10052391141653061,0.0010000000474974513,1769362944.0,0,102,,,,,,,,,,,,,
0.050094619393348694,0.0010000000474974513,1769364992.0,0,103,,,,,,,,,,,,,
0.1329936981201172,0.0010000000474974513,1769367040.0,0,104,,,,,,,,,,,,,
0.0745195597410202,0.0010000000474974513,1769369088.0,0,105,,,,,,,,,,,,,
0.06637480854988098,0.0010000000474974513,1769371136.0,0,106,,,,,,,,,,,,,
0.07484077662229538,0.0010000000474974513,1769373184.0,0,107,,,,,,,,,,,,,
0.09706220030784607,0.0010000000474974513,1769375232.0,0,108,,,,,,,,,,,,,
0.056997012346982956,0.0010000000474974513,1769377280.0,0,109,,,,,,,,,,,,,
0.05304126814007759,0.0010000000474974513,1769379328.0,0,110,,,,,,,,,,,,,
0.0516657680273056,0.0010000000474974513,1769381376.0,0,111,,,,,,,,,,,,,
0.0436348021030426,0.0010000000474974513,1769383424.0,0,112,,,,,,,,,,,,,
0.07968168705701828,0.0010000000474974513,1769385472.0,0,113,,,,,,,,,,,,,
0.03907657414674759,0.0010000000474974513,1769387520.0,0,114,,,,,,,,,,,,,
0.05942397192120552,0.0010000000474974513,1769389568.0,0,115,,,,,,,,,,,,,
0.05809612572193146,0.0010000000474974513,1769391616.0,0,116,,,,,,,,,,,,,
0.08131049573421478,0.0010000000474974513,352455168.0,0,117,,,,,,,,,,,,,
,,,0,117,0.43604764342308044,0.894321084022522,0.5834986393067101,0.8818333148956299,0.994472861289978,1.0,0.8088433742523193,,,,,,
,,,0,117,,,,,,,,0.8499598503112793,0.26302807435859105,0.850600004196167,0.942660927772522,0.8463333249092102,0.8536175489425659
0.1454298049211502,0.0010000000474974513,1767811072.0,1,118,,,,,,,,,,,,,
0.09441013634204865,0.0010000000474974513,1769159680.0,1,119,,,,,,,,,,,,,
0.05032326281070709,0.0010000000474974513,1769161728.0,1,120,,,,,,,,,,,,,
0.04659966751933098,0.0010000000474974513,1769163776.0,1,121,,,,,,,,,,,,,
0.07159919291734695,0.0010000000474974513,1769165824.0,1,122,,,,,,,,,,,,,
0.09020605683326721,0.0010000000474974513,1769167872.0,1,123,,,,,,,,,,,,,
0.08276490867137909,0.0010000000474974513,1769169920.0,1,124,,,,,,,,,,,,,
0.08358868211507797,0.0010000000474974513,1769171968.0,1,125,,,,,,,,,,,,,
0.10405392944812775,0.0010000000474974513,1769174016.0,1,126,,,,,,,,,,,,,
0.05458015948534012,0.0010000000474974513,1769176064.0,1,127,,,,,,,,,,,,,
0.07104626297950745,0.0010000000474974513,1769178112.0,1,128,,,,,,,,,,,,,
0.06509831547737122,0.0010000000474974513,1769180160.0,1,129,,,,,,,,,,,,,
0.11853986978530884,0.0010000000474974513,1769182208.0,1,130,,,,,,,,,,,,,
0.12133599817752838,0.0010000000474974513,1769184256.0,1,131,,,,,,,,,,,,,
0.06699907779693604,0.0010000000474974513,1769186304.0,1,132,,,,,,,,,,,,,
0.05911848321557045,0.0010000000474974513,1769188352.0,1,133,,,,,,,,,,,,,
0.033508460968732834,0.0010000000474974513,1769190400.0,1,134,,,,,,,,,,,,,
0.09574311971664429,0.0010000000474974513,1769192448.0,1,135,,,,,,,,,,,,,
0.0787200853228569,0.0010000000474974513,1769194496.0,1,136,,,,,,,,,,,,,
0.07161018252372742,0.0010000000474974513,1769196544.0,1,137,,,,,,,,,,,,,
0.044533535838127136,0.0010000000474974513,1769198592.0,1,138,,,,,,,,,,,,,
0.06476796418428421,0.0010000000474974513,1769200640.0,1,139,,,,,,,,,,,,,
0.07463517785072327,0.0010000000474974513,1769202688.0,1,140,,,,,,,,,,,,,
0.03774787485599518,0.0010000000474974513,1769204736.0,1,141,,,,,,,,,,,,,
0.0948084145784378,0.0010000000474974513,1769206784.0,1,142,,,,,,,,,,,,,
0.035829175263643265,0.0010000000474974513,1769208832.0,1,143,,,,,,,,,,,,,
0.06704038381576538,0.0010000000474974513,1769210880.0,1,144,,,,,,,,,,,,,
0.07566584646701813,0.0010000000474974513,1769212928.0,1,145,,,,,,,,,,,,,
0.0969264954328537,0.0010000000474974513,1769214976.0,1,146,,,,,,,,,,,,,
0.06989900767803192,0.0010000000474974513,1769217024.0,1,147,,,,,,,,,,,,,
0.023510608822107315,0.0010000000474974513,1769219072.0,1,148,,,,,,,,,,,,,
0.09939046204090118,0.0010000000474974513,1769221120.0,1,149,,,,,,,,,,,,,
0.05280625820159912,0.0010000000474974513,1769223168.0,1,150,,,,,,,,,,,,,
0.04607262834906578,0.0010000000474974513,1769225216.0,1,151,,,,,,,,,,,,,
0.042689308524131775,0.0010000000474974513,1769227264.0,1,152,,,,,,,,,,,,,
0.07002916932106018,0.0010000000474974513,1769229312.0,1,153,,,,,,,,,,,,,
0.028709884732961655,0.0010000000474974513,1769231360.0,1,154,,,,,,,,,,,,,
0.08601363003253937,0.0010000000474974513,1769233408.0,1,155,,,,,,,,,,,,,
0.02691817656159401,0.0010000000474974513,1769235456.0,1,156,,,,,,,,,,,,,
0.04696172475814819,0.0010000000474974513,1769237504.0,1,157,,,,,,,,,,,,,
0.09295682609081268,0.0010000000474974513,1769239552.0,1,158,,,,,,,,,,,,,
0.07955221831798553,0.0010000000474974513,1769241600.0,1,159,,,,,,,,,,,,,
0.02047298476099968,0.0010000000474974513,1769243648.0,1,160,,,,,,,,,,,,,
0.034358639270067215,0.0010000000474974513,1769245696.0,1,161,,,,,,,,,,,,,
0.023979928344488144,0.0010000000474974513,1769247744.0,1,162,,,,,,,,,,,,,
0.040315672755241394,0.0010000000474974513,1769249792.0,1,163,,,,,,,,,,,,,
0.04545992612838745,0.0010000000474974513,1769251840.0,1,164,,,,,,,,,,,,,
0.013820035383105278,0.0010000000474974513,1769253888.0,1,165,,,,,,,,,,,,,
0.06518997251987457,0.0010000000474974513,1769255936.0,1,166,,,,,,,,,,,,,
0.04542666673660278,0.0010000000474974513,1769257984.0,1,167,,,,,,,,,,,,,
0.034225013107061386,0.0010000000474974513,1769260032.0,1,168,,,,,,,,,,,,,
0.04250730574131012,0.0010000000474974513,1769262080.0,1,169,,,,,,,,,,,,,
0.03240114450454712,0.0010000000474974513,1769264128.0,1,170,,,,,,,,,,,,,
0.02234337106347084,0.0010000000474974513,1769266176.0,1,171,,,,,,,,,,,,,
0.05273132026195526,0.0010000000474974513,1769268224.0,1,172,,,,,,,,,,,,,
0.07539500296115875,0.0010000000474974513,1769270272.0,1,173,,,,,,,,,,,,,
0.020105764269828796,0.0010000000474974513,1769272320.0,1,174,,,,,,,,,,,,,
0.09449213743209839,0.0010000000474974513,1769274368.0,1,175,,,,,,,,,,,,,
0.040380269289016724,0.0010000000474974513,1769276416.0,1,176,,,,,,,,,,,,,
,,,1,176,0.18712866306304932,0.9754828810691833,0.7400443561823107,0.9748666882514954,0.997204601764679,1.0,0.952139139175415,,,,,,
0.039263732731342316,0.0010000000474974513,1767930880.0,1,177,,,,,,,,,,,,,
0.0706062838435173,0.0010000000474974513,1769280000.0,1,178,,,,,,,,,,,,,
0.09791664034128189,0.0010000000474974513,1769282048.0,1,179,,,,,,,,,,,,,
0.06353110074996948,0.0010000000474974513,1769284096.0,1,180,,,,,,,,,,,,,
0.07410117983818054,0.0010000000474974513,1769286144.0,1,181,,,,,,,,,,,,,
0.06697261333465576,0.0010000000474974513,1769288192.0,1,182,,,,,,,,,,,,,
0.044563256204128265,0.0010000000474974513,1769290240.0,1,183,,,,,,,,,,,,,
0.03267470747232437,0.0010000000474974513,1769292288.0,1,184,,,,,,,,,,,,,
0.03451564908027649,0.0010000000474974513,1769294336.0,1,185,,,,,,,,,,,,,
0.011070078238844872,0.0010000000474974513,1769296384.0,1,186,,,,,,,,,,,,,
0.03444773703813553,0.0010000000474974513,1769298432.0,1,187,,,,,,,,,,,,,
0.08137057721614838,0.0010000000474974513,1769300480.0,1,188,,,,,,,,,,,,,
0.017064759507775307,0.0010000000474974513,1769302528.0,1,189,,,,,,,,,,,,,
0.024237995967268944,0.0010000000474974513,1769304576.0,1,190,,,,,,,,,,,,,
0.02188788540661335,0.0010000000474974513,1769306624.0,1,191,,,,,,,,,,,,,
0.09724326431751251,0.0010000000474974513,1769308672.0,1,192,,,,,,,,,,,,,
0.1075323075056076,0.0010000000474974513,1769310720.0,1,193,,,,,,,,,,,,,
0.026551878079771996,0.0010000000474974513,1769312768.0,1,194,,,,,,,,,,,,,
0.015616439282894135,0.0010000000474974513,1769314816.0,1,195,,,,,,,,,,,,,
0.05147305130958557,0.0010000000474974513,1769316864.0,1,196,,,,,,,,,,,,,
0.03130791336297989,0.0010000000474974513,1769318912.0,1,197,,,,,,,,,,,,,
0.015105560421943665,0.0010000000474974513,1769320960.0,1,198,,,,,,,,,,,,,
0.01352778822183609,0.0010000000474974513,1769323008.0,1,199,,,,,,,,,,,,,
0.04428989440202713,0.0010000000474974513,1769325056.0,1,200,,,,,,,,,,,,,
0.07432767748832703,0.0010000000474974513,1769327104.0,1,201,,,,,,,,,,,,,
0.03480403497815132,0.0010000000474974513,1769329152.0,1,202,,,,,,,,,,,,,
0.0793200433254242,0.0010000000474974513,1769331200.0,1,203,,,,,,,,,,,,,
0.02781224623322487,0.0010000000474974513,1769333248.0,1,204,,,,,,,,,,,,,
0.04269121214747429,0.0010000000474974513,1769335296.0,1,205,,,,,,,,,,,,,
0.06391377747058868,0.0010000000474974513,1769337344.0,1,206,,,,,,,,,,,,,
0.030378513038158417,0.0010000000474974513,1769339392.0,1,207,,,,,,,,,,,,,
0.05855834111571312,0.0010000000474974513,1769341440.0,1,208,,,,,,,,,,,,,
0.046497076749801636,0.0010000000474974513,1769343488.0,1,209,,,,,,,,,,,,,
0.052370741963386536,0.0010000000474974513,1769345536.0,1,210,,,,,,,,,,,,,
0.023963965475559235,0.0010000000474974513,1769347584.0,1,211,,,,,,,,,,,,,
0.01797553524374962,0.0010000000474974513,1769349632.0,1,212,,,,,,,,,,,,,
0.02144707925617695,0.0010000000474974513,1769351680.0,1,213,,,,,,,,,,,,,
0.05477460101246834,0.0010000000474974513,1769353728.0,1,214,,,,,,,,,,,,,
0.03461875021457672,0.0010000000474974513,1769355776.0,1,215,,,,,,,,,,,,,
0.03786669671535492,0.0010000000474974513,1769357824.0,1,216,,,,,,,,,,,,,
0.050738625228405,0.0010000000474974513,1769359872.0,1,217,,,,,,,,,,,,,
0.04407127574086189,0.0010000000474974513,1769361920.0,1,218,,,,,,,,,,,,,
0.019704151898622513,0.0010000000474974513,1769363968.0,1,219,,,,,,,,,,,,,
0.03786050155758858,0.0010000000474974513,1769366016.0,1,220,,,,,,,,,,,,,
0.021662339568138123,0.0010000000474974513,1769368064.0,1,221,,,,,,,,,,,,,
0.06857068836688995,0.0010000000474974513,1769370112.0,1,222,,,,,,,,,,,,,
0.035031866282224655,0.0010000000474974513,1769372160.0,1,223,,,,,,,,,,,,,
0.02226180210709572,0.0010000000474974513,1769374208.0,1,224,,,,,,,,,,,,,
0.053543392568826675,0.0010000000474974513,1769376256.0,1,225,,,,,,,,,,,,,
0.020539555698633194,0.0010000000474974513,1769378304.0,1,226,,,,,,,,,,,,,
0.03754763305187225,0.0010000000474974513,1769380352.0,1,227,,,,,,,,,,,,,
0.01040345523506403,0.0010000000474974513,1769382400.0,1,228,,,,,,,,,,,,,
0.025522876530885696,0.0010000000474974513,1769384448.0,1,229,,,,,,,,,,,,,
0.03387537971138954,0.0010000000474974513,1769386496.0,1,230,,,,,,,,,,,,,
0.0345071442425251,0.0010000000474974513,1769388544.0,1,231,,,,,,,,,,,,,
0.013086581602692604,0.0010000000474974513,1769390592.0,1,232,,,,,,,,,,,,,
0.07037953287363052,0.0010000000474974513,1769392640.0,1,233,,,,,,,,,,,,,
0.015879757702350616,0.0010000000474974513,1769394688.0,1,234,,,,,,,,,,,,,
0.0057728588581085205,0.0010000000474974513,352458240.0,1,235,,,,,,,,,,,,,
,,,1,235,0.15673324465751648,0.978090763092041,0.8110573849505143,0.9775999784469604,0.9982923269271851,1.0,0.957120954990387,,,,,,
,,,1,235,,,,,,,,0.9881260395050049,0.6892904021403395,0.9880666732788086,0.996364414691925,0.993066668510437,0.9832343459129333
0.1110033392906189,0.0010000000474974513,1767810560.0,2,236,,,,,,,,,,,,,
0.07463425397872925,0.0010000000474974513,1769159168.0,2,237,,,,,,,,,,,,,
0.014304447919130325,0.0010000000474974513,1769161216.0,2,238,,,,,,,,,,,,,
0.015435251407325268,0.0010000000474974513,1769163264.0,2,239,,,,,,,,,,,,,
0.02318817377090454,0.0010000000474974513,1769165312.0,2,240,,,,,,,,,,,,,
0.04541626572608948,0.0010000000474974513,1769167360.0,2,241,,,,,,,,,,,,,
0.06839218735694885,0.0010000000474974513,1769169408.0,2,242,,,,,,,,,,,,,
0.008891078643500805,0.0010000000474974513,1769171456.0,2,243,,,,,,,,,,,,,
0.02261364459991455,0.0010000000474974513,1769173504.0,2,244,,,,,,,,,,,,,
0.009685833007097244,0.0010000000474974513,1769175552.0,2,245,,,,,,,,,,,,,
0.05034317448735237,0.0010000000474974513,1769177600.0,2,246,,,,,,,,,,,,,
0.043687425553798676,0.0010000000474974513,1769179648.0,2,247,,,,,,,,,,,,,
0.08664815127849579,0.0010000000474974513,1769181696.0,2,248,,,,,,,,,,,,,
0.09843171387910843,0.0010000000474974513,1769183744.0,2,249,,,,,,,,,,,,,
0.04336302727460861,0.0010000000474974513,1769185792.0,2,250,,,,,,,,,,,,,
0.030000220984220505,0.0010000000474974513,1769187840.0,2,251,,,,,,,,,,,,,
0.018667876720428467,0.0010000000474974513,1769189888.0,2,252,,,,,,,,,,,,,
0.05831997096538544,0.0010000000474974513,1769191936.0,2,253,,,,,,,,,,,,,
0.036735307425260544,0.0010000000474974513,1769193984.0,2,254,,,,,,,,,,,,,
0.03439538553357124,0.0010000000474974513,1769196032.0,2,255,,,,,,,,,,,,,
0.016943588852882385,0.0010000000474974513,1769198080.0,2,256,,,,,,,,,,,,,
0.029758930206298828,0.0010000000474974513,1769200128.0,2,257,,,,,,,,,,,,,
0.031968750059604645,0.0010000000474974513,1769202176.0,2,258,,,,,,,,,,,,,
0.012925366871058941,0.0010000000474974513,1769204224.0,2,259,,,,,,,,,,,,,
0.03273990750312805,0.0010000000474974513,1769206272.0,2,260,,,,,,,,,,,,,
0.016727402806282043,0.0010000000474974513,1769208320.0,2,261,,,,,,,,,,,,,
0.014124159701168537,0.0010000000474974513,1769210368.0,2,262,,,,,,,,,,,,,
0.02467106655240059,0.0010000000474974513,1769212416.0,2,263,,,,,,,,,,,,,
0.06203216314315796,0.0010000000474974513,1769214464.0,2,264,,,,,,,,,,,,,
0.052947524935007095,0.0010000000474974513,1769216512.0,2,265,,,,,,,,,,,,,
0.06187589839100838,0.0010000000474974513,1769218560.0,2,266,,,,,,,,,,,,,
0.09373772144317627,0.0010000000474974513,1769220608.0,2,267,,,,,,,,,,,,,
0.0271867997944355,0.0010000000474974513,1769222656.0,2,268,,,,,,,,,,,,,
0.008843177929520607,0.0010000000474974513,1769224704.0,2,269,,,,,,,,,,,,,
0.01710951142013073,0.0010000000474974513,1769226752.0,2,270,,,,,,,,,,,,,
0.014687217772006989,0.0010000000474974513,1769228800.0,2,271,,,,,,,,,,,,,
0.0349748432636261,0.0010000000474974513,1769230848.0,2,272,,,,,,,,,,,,,
0.03884482383728027,0.0010000000474974513,1769232896.0,2,273,,,,,,,,,,,,,
0.0157927293330431,0.0010000000474974513,1769234944.0,2,274,,,,,,,,,,,,,
0.03763050585985184,0.0010000000474974513,1769236992.0,2,275,,,,,,,,,,,,,
0.05041322112083435,0.0010000000474974513,1769239040.0,2,276,,,,,,,,,,,,,
0.01468830555677414,0.0010000000474974513,1769241088.0,2,277,,,,,,,,,,,,,
0.007757941260933876,0.0010000000474974513,1769243136.0,2,278,,,,,,,,,,,,,
0.02960241585969925,0.0010000000474974513,1769245184.0,2,279,,,,,,,,,,,,,
0.012660147622227669,0.0010000000474974513,1769247232.0,2,280,,,,,,,,,,,,,
0.029895808547735214,0.0010000000474974513,1769249280.0,2,281,,,,,,,,,,,,,
0.013230223208665848,0.0010000000474974513,1769251328.0,2,282,,,,,,,,,,,,,
0.012219714932143688,0.0010000000474974513,1769253376.0,2,283,,,,,,,,,,,,,
0.04960927367210388,0.0010000000474974513,1769255424.0,2,284,,,,,,,,,,,,,
0.012540269643068314,0.0010000000474974513,1769257472.0,2,285,,,,,,,,,,,,,
0.014407659880816936,0.0010000000474974513,1769259520.0,2,286,,,,,,,,,,,,,
0.06866183876991272,0.0010000000474974513,1769261568.0,2,287,,,,,,,,,,,,,
0.03449680656194687,0.0010000000474974513,1769263616.0,2,288,,,,,,,,,,,,,
0.03161708265542984,0.0010000000474974513,1769265664.0,2,289,,,,,,,,,,,,,
0.02077913098037243,0.0010000000474974513,1769267712.0,2,290,,,,,,,,,,,,,
0.03718414530158043,0.0010000000474974513,1769269760.0,2,291,,,,,,,,,,,,,
0.008220369927585125,0.0010000000474974513,1769271808.0,2,292,,,,,,,,,,,,,
0.02908451110124588,0.0010000000474974513,1769273856.0,2,293,,,,,,,,,,,,,
0.03268607333302498,0.0010000000474974513,1769275904.0,2,294,,,,,,,,,,,,,
,,,2,294,0.11761961877346039,0.9862581491470337,0.8789388838391338,0.9860666394233704,0.9988968372344971,1.0,0.9728888273239136,,,,,,
0.02078884094953537,0.0010000000474974513,1767930880.0,2,295,,,,,,,,,,,,,
0.022209856659173965,0.0010000000474974513,1769280000.0,2,296,,,,,,,,,,,,,
0.06677450984716415,0.0010000000474974513,1769282048.0,2,297,,,,,,,,,,,,,
0.020759668201208115,0.0010000000474974513,1769284096.0,2,298,,,,,,,,,,,,,
0.016323599964380264,0.0010000000474974513,1769286144.0,2,299,,,,,,,,,,,,,
0.03733484819531441,0.0010000000474974513,1769288192.0,2,300,,,,,,,,,,,,,
0.015592744573950768,0.0010000000474974513,1769290240.0,2,301,,,,,,,,,,,,,
0.02358032390475273,0.0010000000474974513,1769292288.0,2,302,,,,,,,,,,,,,
0.02433253824710846,0.0010000000474974513,1769294336.0,2,303,,,,,,,,,,,,,
0.008583185262978077,0.0010000000474974513,1769296384.0,2,304,,,,,,,,,,,,,
0.02985447831451893,0.0010000000474974513,1769298432.0,2,305,,,,,,,,,,,,,
0.04057084769010544,0.0010000000474974513,1769300480.0,2,306,,,,,,,,,,,,,
0.008782952092587948,0.0010000000474974513,1769302528.0,2,307,,,,,,,,,,,,,
0.012426946312189102,0.0010000000474974513,1769304576.0,2,308,,,,,,,,,,,,,
0.029107989743351936,0.0010000000474974513,1769306624.0,2,309,,,,,,,,,,,,,
0.07275976240634918,0.0010000000474974513,1769308672.0,2,310,,,,,,,,,,,,,
0.02044634334743023,0.0010000000474974513,1769310720.0,2,311,,,,,,,,,,,,,
0.04274396598339081,0.0010000000474974513,1769312768.0,2,312,,,,,,,,,,,,,
0.020125143229961395,0.0010000000474974513,1769314816.0,2,313,,,,,,,,,,,,,
0.041296541690826416,0.0010000000474974513,1769316864.0,2,314,,,,,,,,,,,,,
0.03212226554751396,0.0010000000474974513,1769318912.0,2,315,,,,,,,,,,,,,
0.004408758599311113,0.0010000000474974513,1769320960.0,2,316,,,,,,,,,,,,,
0.013298810459673405,0.0010000000474974513,1769323008.0,2,317,,,,,,,,,,,,,
0.028950519859790802,0.0010000000474974513,1769325056.0,2,318,,,,,,,,,,,,,
0.03062032163143158,0.0010000000474974513,1769327104.0,2,319,,,,,,,,,,,,,
0.029349837452173233,0.0010000000474974513,1769329152.0,2,320,,,,,,,,,,,,,
0.0363968163728714,0.0010000000474974513,1769331200.0,2,321,,,,,,,,,,,,,
0.004852209705859423,0.0010000000474974513,1769333248.0,2,322,,,,,,,,,,,,,
0.023150531575083733,0.0010000000474974513,1769335296.0,2,323,,,,,,,,,,,,,
0.007679024711251259,0.0010000000474974513,1769337344.0,2,324,,,,,,,,,,,,,
0.041029106825590134,0.0010000000474974513,1769339392.0,2,325,,,,,,,,,,,,,
0.03571915626525879,0.0010000000474974513,1769341440.0,2,326,,,,,,,,,,,,,
0.028440557420253754,0.0010000000474974513,1769343488.0,2,327,,,,,,,,,,,,,
0.03015204332768917,0.0010000000474974513,1769345536.0,2,328,,,,,,,,,,,,,
0.02845868654549122,0.0010000000474974513,1769347584.0,2,329,,,,,,,,,,,,,
0.02794688567519188,0.0010000000474974513,1769349632.0,2,330,,,,,,,,,,,,,
0.03860118240118027,0.0010000000474974513,1769351680.0,2,331,,,,,,,,,,,,,
0.031117569655179977,0.0010000000474974513,1769353728.0,2,332,,,,,,,,,,,,,
0.03338227793574333,0.0010000000474974513,1769355776.0,2,333,,,,,,,,,,,,,
0.01317884586751461,0.0010000000474974513,1769357824.0,2,334,,,,,,,,,,,,,
0.014457004144787788,0.0010000000474974513,1769359872.0,2,335,,,,,,,,,,,,,
0.023379240185022354,0.0010000000474974513,1769361920.0,2,336,,,,,,,,,,,,,
0.02427583560347557,0.0010000000474974513,1769363968.0,2,337,,,,,,,,,,,,,
0.09752121567726135,0.0010000000474974513,1769366016.0,2,338,,,,,,,,,,,,,
0.041108280420303345,0.0010000000474974513,1769368064.0,2,339,,,,,,,,,,,,,
0.03973383456468582,0.0010000000474974513,1769370112.0,2,340,,,,,,,,,,,,,
0.02747153490781784,0.0010000000474974513,1769372160.0,2,341,,,,,,,,,,,,,
0.00872599333524704,0.0010000000474974513,1769374208.0,2,342,,,,,,,,,,,,,
0.02793811820447445,0.0010000000474974513,1769376256.0,2,343,,,,,,,,,,,,,
0.006426144391298294,0.0010000000474974513,1769378304.0,2,344,,,,,,,,,,,,,
0.010956162586808205,0.0010000000474974513,1769380352.0,2,345,,,,,,,,,,,,,
0.010177912190556526,0.0010000000474974513,1769382400.0,2,346,,,,,,,,,,,,,
0.0067282188683748245,0.0010000000474974513,1769384448.0,2,347,,,,,,,,,,,,,
0.018014775589108467,0.0010000000474974513,1769386496.0,2,348,,,,,,,,,,,,,
0.025022022426128387,0.0010000000474974513,1769388544.0,2,349,,,,,,,,,,,,,
0.007523038424551487,0.0010000000474974513,1769390592.0,2,350,,,,,,,,,,,,,
0.035525426268577576,0.0010000000474974513,1769392640.0,2,351,,,,,,,,,,,,,
0.010541463270783424,0.0010000000474974513,1769394688.0,2,352,,,,,,,,,,,,,
0.0042979903519153595,0.0010000000474974513,352458240.0,2,353,,,,,,,,,,,,,
,,,2,353,0.09859421849250793,0.9828009605407715,0.9175020151966019,0.9825000166893005,0.9993117451667786,1.0,0.966183602809906,,,,,,
,,,2,353,,,,,,,,0.9922903180122375,0.850511077076873,0.9922666549682617,0.9985002875328064,0.9953333139419556,0.9892658591270447
0.024815939366817474,0.0010000000474974513,1767810560.0,3,354,,,,,,,,,,,,,
0.09490910172462463,0.0010000000474974513,1769159168.0,3,355,,,,,,,,,,,,,
0.0038753673434257507,0.0010000000474974513,1769161216.0,3,356,,,,,,,,,,,,,
0.007626296486705542,0.0010000000474974513,1769163264.0,3,357,,,,,,,,,,,,,
0.023737581446766853,0.0010000000474974513,1769165312.0,3,358,,,,,,,,,,,,,
0.007220319472253323,0.0010000000474974513,1769167360.0,3,359,,,,,,,,,,,,,
0.05555832386016846,0.0010000000474974513,1769169408.0,3,360,,,,,,,,,,,,,
0.0035340958274900913,0.0010000000474974513,1769171456.0,3,361,,,,,,,,,,,,,
0.0288380216807127,0.0010000000474974513,1769173504.0,3,362,,,,,,,,,,,,,
0.010357774794101715,0.0010000000474974513,1769175552.0,3,363,,,,,,,,,,,,,
0.0732552707195282,0.0010000000474974513,1769177600.0,3,364,,,,,,,,,,,,,
0.04005413129925728,0.0010000000474974513,1769179648.0,3,365,,,,,,,,,,,,,
0.02834661677479744,0.0010000000474974513,1769181696.0,3,366,,,,,,,,,,,,,
0.03418724983930588,0.0010000000474974513,1769183744.0,3,367,,,,,,,,,,,,,
0.03096889890730381,0.0010000000474974513,1769185792.0,3,368,,,,,,,,,,,,,
0.02645132876932621,0.0010000000474974513,1769187840.0,3,369,,,,,,,,,,,,,
0.02111491560935974,0.0010000000474974513,1769189888.0,3,370,,,,,,,,,,,,,
0.02645806409418583,0.0010000000474974513,1769191936.0,3,371,,,,,,,,,,,,,
0.018777810037136078,0.0010000000474974513,1769193984.0,3,372,,,,,,,,,,,,,
0.013243473134934902,0.0010000000474974513,1769196032.0,3,373,,,,,,,,,,,,,
0.007426280528306961,0.0010000000474974513,1769198080.0,3,374,,,,,,,,,,,,,
0.015302619896829128,0.0010000000474974513,1769200128.0,3,375,,,,,,,,,,,,,
0.031937651336193085,0.0010000000474974513,1769202176.0,3,376,,,,,,,,,,,,,
0.020614594221115112,0.0010000000474974513,1769204224.0,3,377,,,,,,,,,,,,,
0.01381626445800066,0.0010000000474974513,1769206272.0,3,378,,,,,,,,,,,,,
0.018675165250897408,0.0010000000474974513,1769208320.0,3,379,,,,,,,,,,,,,
0.00671070022508502,0.0010000000474974513,1769210368.0,3,380,,,,,,,,,,,,,
0.019568363204598427,0.0010000000474974513,1769212416.0,3,381,,,,,,,,,,,,,
0.04587288945913315,0.0010000000474974513,1769214464.0,3,382,,,,,,,,,,,,,
0.07280337065458298,0.0010000000474974513,1769216512.0,3,383,,,,,,,,,,,,,
0.00777506735175848,0.0010000000474974513,1769218560.0,3,384,,,,,,,,,,,,,
0.07487326860427856,0.0010000000474974513,1769220608.0,3,385,,,,,,,,,,,,,
0.019061297178268433,0.0010000000474974513,1769222656.0,3,386,,,,,,,,,,,,,
0.01775369420647621,0.0010000000474974513,1769224704.0,3,387,,,,,,,,,,,,,
0.005426457617431879,0.0010000000474974513,1769226752.0,3,388,,,,,,,,,,,,,
0.007152786012738943,0.0010000000474974513,1769228800.0,3,389,,,,,,,,,,,,,
0.01885860040783882,0.0010000000474974513,1769230848.0,3,390,,,,,,,,,,,,,
0.0165157001465559,0.0010000000474974513,1769232896.0,3,391,,,,,,,,,,,,,
0.005369707942008972,0.0010000000474974513,1769234944.0,3,392,,,,,,,,,,,,,
0.021659329533576965,0.0010000000474974513,1769236992.0,3,393,,,,,,,,,,,,,
0.026812735944986343,0.0010000000474974513,1769239040.0,3,394,,,,,,,,,,,,,
0.02621190994977951,0.0010000000474974513,1769241088.0,3,395,,,,,,,,,,,,,
0.011318703182041645,0.0010000000474974513,1769243136.0,3,396,,,,,,,,,,,,,
0.013455148786306381,0.0010000000474974513,1769245184.0,3,397,,,,,,,,,,,,,
0.003426341339945793,0.0010000000474974513,1769247232.0,3,398,,,,,,,,,,,,,
0.021377449855208397,0.0010000000474974513,1769249280.0,3,399,,,,,,,,,,,,,
0.026191895827651024,0.0010000000474974513,1769251328.0,3,400,,,,,,,,,,,,,
0.004374613985419273,0.0010000000474974513,1769253376.0,3,401,,,,,,,,,,,,,
0.05146261304616928,0.0010000000474974513,1769255424.0,3,402,,,,,,,,,,,,,
0.026408301666378975,0.0010000000474974513,1769257472.0,3,403,,,,,,,,,,,,,
0.007374179549515247,0.0010000000474974513,1769259520.0,3,404,,,,,,,,,,,,,
0.04577166959643364,0.0010000000474974513,1769261568.0,3,405,,,,,,,,,,,,,
0.02243305742740631,0.0010000000474974513,1769263616.0,3,406,,,,,,,,,,,,,
0.048094023019075394,0.0010000000474974513,1769265664.0,3,407,,,,,,,,,,,,,
0.007599876262247562,0.0010000000474974513,1769267712.0,3,408,,,,,,,,,,,,,
0.03719768300652504,0.0010000000474974513,1769269760.0,3,409,,,,,,,,,,,,,
0.014818750321865082,0.0010000000474974513,1769271808.0,3,410,,,,,,,,,,,,,
0.07337256520986557,0.0010000000474974513,1769273856.0,3,411,,,,,,,,,,,,,
0.012854413129389286,0.0010000000474974513,1769275904.0,3,412,,,,,,,,,,,,,
,,,3,412,0.09457860141992569,0.9800078272819519,0.9552082802446077,0.9796000123023987,0.9997159242630005,1.0,0.9607993960380554,,,,,,
0.038911327719688416,0.0010000000474974513,1767930880.0,3,413,,,,,,,,,,,,,
0.039312850683927536,0.0010000000474974513,1769280000.0,3,414,,,,,,,,,,,,,
0.034363023936748505,0.0010000000474974513,1769282048.0,3,415,,,,,,,,,,,,,
0.009897429496049881,0.0010000000474974513,1769284096.0,3,416,,,,,,,,,,,,,
0.004684154875576496,0.0010000000474974513,1769286144.0,3,417,,,,,,,,,,,,,
0.032364509999752045,0.0010000000474974513,1769288192.0,3,418,,,,,,,,,,,,,
0.02650393918156624,0.0010000000474974513,1769290240.0,3,419,,,,,,,,,,,,,
0.010682856664061546,0.0010000000474974513,1769292288.0,3,420,,,,,,,,,,,,,
0.01884491741657257,0.0010000000474974513,1769294336.0,3,421,,,,,,,,,,,,,
0.028049176558852196,0.0010000000474974513,1769296384.0,3,422,,,,,,,,,,,,,
0.020050397142767906,0.0010000000474974513,1769298432.0,3,423,,,,,,,,,,,,,
0.06169731914997101,0.0010000000474974513,1769300480.0,3,424,,,,,,,,,,,,,
0.01289127953350544,0.0010000000474974513,1769302528.0,3,425,,,,,,,,,,,,,
0.04287486523389816,0.0010000000474974513,1769304576.0,3,426,,,,,,,,,,,,,
0.0053880647756159306,0.0010000000474974513,1769306624.0,3,427,,,,,,,,,,,,,
0.043662335723638535,0.0010000000474974513,1769308672.0,3,428,,,,,,,,,,,,,
0.011003915220499039,0.0010000000474974513,1769310720.0,3,429,,,,,,,,,,,,,
0.004635863471776247,0.0010000000474974513,1769312768.0,3,430,,,,,,,,,,,,,
0.0025357771664857864,0.0010000000474974513,1769314816.0,3,431,,,,,,,,,,,,,
0.0252828486263752,0.0010000000474974513,1769316864.0,3,432,,,,,,,,,,,,,
0.015273060649633408,0.0010000000474974513,1769318912.0,3,433,,,,,,,,,,,,,
0.009344769641757011,0.0010000000474974513,1769320960.0,3,434,,,,,,,,,,,,,
0.0038697964046150446,0.0010000000474974513,1769323008.0,3,435,,,,,,,,,,,,,
0.04804559797048569,0.0010000000474974513,1769325056.0,3,436,,,,,,,,,,,,,
0.01411876268684864,0.0010000000474974513,1769327104.0,3,437,,,,,,,,,,,,,
0.0035243649035692215,0.0010000000474974513,1769329152.0,3,438,,,,,,,,,,,,,
0.03147638589143753,0.0010000000474974513,1769331200.0,3,439,,,,,,,,,,,,,
0.009582797065377235,0.0010000000474974513,1769333248.0,3,440,,,,,,,,,,,,,
0.029635630548000336,0.0010000000474974513,1769335296.0,3,441,,,,,,,,,,,,,
0.02713233232498169,0.0010000000474974513,1769337344.0,3,442,,,,,,,,,,,,,
0.00942353717982769,0.0010000000474974513,1769339392.0,3,443,,,,,,,,,,,,,
0.02234797552227974,0.0010000000474974513,1769341440.0,3,444,,,,,,,,,,,,,
0.02716432884335518,0.0010000000474974513,1769343488.0,3,445,,,,,,,,,,,,,
0.03161180764436722,0.0010000000474974513,1769345536.0,3,446,,,,,,,,,,,,,
0.011513824574649334,0.0010000000474974513,1769347584.0,3,447,,,,,,,,,,,,,
0.008574476465582848,0.0010000000474974513,1769349632.0,3,448,,,,,,,,,,,,,
0.07137098908424377,0.0010000000474974513,1769351680.0,3,449,,,,,,,,,,,,,
0.018509112298488617,0.0010000000474974513,1769353728.0,3,450,,,,,,,,,,,,,
0.06048198416829109,0.0010000000474974513,1769355776.0,3,451,,,,,,,,,,,,,
0.061212193220853806,0.0010000000474974513,1769357824.0,3,452,,,,,,,,,,,,,
0.007399041671305895,0.0010000000474974513,1769359872.0,3,453,,,,,,,,,,,,,
0.005342046730220318,0.0010000000474974513,1769361920.0,3,454,,,,,,,,,,,,,
0.010654252022504807,0.0010000000474974513,1769363968.0,3,455,,,,,,,,,,,,,
0.013525623828172684,0.0010000000474974513,1769366016.0,3,456,,,,,,,,,,,,,
0.023006396368145943,0.0010000000474974513,1769368064.0,3,457,,,,,,,,,,,,,
0.03165141120553017,0.0010000000474974513,1769370112.0,3,458,,,,,,,,,,,,,
0.012487434782087803,0.0010000000474974513,1769372160.0,3,459,,,,,,,,,,,,,
0.004420458804816008,0.0010000000474974513,1769374208.0,3,460,,,,,,,,,,,,,
0.019485296681523323,0.0010000000474974513,1769376256.0,3,461,,,,,,,,,,,,,
0.010300148278474808,0.0010000000474974513,1769378304.0,3,462,,,,,,,,,,,,,
0.014014510437846184,0.0010000000474974513,1769380352.0,3,463,,,,,,,,,,,,,
0.007437645923346281,0.0010000000474974513,1769382400.0,3,464,,,,,,,,,,,,,
0.013059988617897034,0.0010000000474974513,1769384448.0,3,465,,,,,,,,,,,,,
0.004515106789767742,0.0010000000474974513,1769386496.0,3,466,,,,,,,,,,,,,
0.03133583068847656,0.0010000000474974513,1769388544.0,3,467,,,,,,,,,,,,,
0.009647557511925697,0.0010000000474974513,1769390592.0,3,468,,,,,,,,,,,,,
0.008121532388031483,0.0010000000474974513,1769392640.0,3,469,,,,,,,,,,,,,
0.005009404383599758,0.0010000000474974513,1769394688.0,3,470,,,,,,,,,,,,,
0.0024669512640684843,0.0010000000474974513,352458240.0,3,471,,,,,,,,,,,,,
,,,3,471,0.14139068126678467,0.9780588746070862,0.9060027403358878,0.977566659450531,0.9995791912078857,1.0,0.957059919834137,,,,,,
,,,3,471,,,,,,,,0.9945482611656189,0.8952551547730893,0.994533360004425,0.99908047914505,0.9972666501998901,0.9918445944786072
0.06167079135775566,0.0010000000474974513,1767811072.0,4,472,,,,,,,,,,,,,
0.060401104390621185,0.0010000000474974513,1769159680.0,4,473,,,,,,,,,,,,,
0.011453348211944103,0.0010000000474974513,1769161728.0,4,474,,,,,,,,,,,,,
0.0026869806461036205,0.0010000000474974513,1769163776.0,4,475,,,,,,,,,,,,,
0.014947939664125443,0.0010000000474974513,1769165824.0,4,476,,,,,,,,,,,,,
0.006721982732415199,0.0010000000474974513,1769167872.0,4,477,,,,,,,,,,,,,
0.021466486155986786,0.0010000000474974513,1769169920.0,4,478,,,,,,,,,,,,,
0.005263769067823887,0.0010000000474974513,1769171968.0,4,479,,,,,,,,,,,,,
0.0424756221473217,0.0010000000474974513,1769174016.0,4,480,,,,,,,,,,,,,
0.008436968550086021,0.0010000000474974513,1769176064.0,4,481,,,,,,,,,,,,,
0.04369979351758957,0.0010000000474974513,1769178112.0,4,482,,,,,,,,,,,,,
0.015772715210914612,0.0010000000474974513,1769180160.0,4,483,,,,,,,,,,,,,
0.014826415106654167,0.0010000000474974513,1769182208.0,4,484,,,,,,,,,,,,,
0.022427767515182495,0.0010000000474974513,1769184256.0,4,485,,,,,,,,,,,,,
0.04430239647626877,0.0010000000474974513,1769186304.0,4,486,,,,,,,,,,,,,
0.04250682517886162,0.0010000000474974513,1769188352.0,4,487,,,,,,,,,,,,,
0.008790144696831703,0.0010000000474974513,1769190400.0,4,488,,,,,,,,,,,,,
0.040999654680490494,0.0010000000474974513,1769192448.0,4,489,,,,,,,,,,,,,
0.008659439161419868,0.0010000000474974513,1769194496.0,4,490,,,,,,,,,,,,,
0.03087867796421051,0.0010000000474974513,1769196544.0,4,491,,,,,,,,,,,,,
0.01501944288611412,0.0010000000474974513,1769198592.0,4,492,,,,,,,,,,,,,
0.04001368582248688,0.0010000000474974513,1769200640.0,4,493,,,,,,,,,,,,,
0.03384975343942642,0.0010000000474974513,1769202688.0,4,494,,,,,,,,,,,,,
0.029863059520721436,0.0010000000474974513,1769204736.0,4,495,,,,,,,,,,,,,
0.015369235537946224,0.0010000000474974513,1769206784.0,4,496,,,,,,,,,,,,,
0.0028902997728437185,0.0010000000474974513,1769208832.0,4,497,,,,,,,,,,,,,
0.01323054637759924,0.0010000000474974513,1769210880.0,4,498,,,,,,,,,,,,,
0.012172035872936249,0.0010000000474974513,1769212928.0,4,499,,,,,,,,,,,,,
0.04268690571188927,0.0010000000474974513,1769214976.0,4,500,,,,,,,,,,,,,
0.028493732213974,0.0010000000474974513,1769217024.0,4,501,,,,,,,,,,,,,
0.0180826336145401,0.0010000000474974513,1769219072.0,4,502,,,,,,,,,,,,,
0.036276593804359436,0.0010000000474974513,1769221120.0,4,503,,,,,,,,,,,,,
0.018803877755999565,0.0010000000474974513,1769223168.0,4,504,,,,,,,,,,,,,
0.007228553760796785,0.0010000000474974513,1769225216.0,4,505,,,,,,,,,,,,,
0.004123391583561897,0.0010000000474974513,1769227264.0,4,506,,,,,,,,,,,,,
0.009466658346354961,0.0010000000474974513,1769229312.0,4,507,,,,,,,,,,,,,
0.00714455358684063,0.0010000000474974513,1769231360.0,4,508,,,,,,,,,,,,,
0.0064307632856070995,0.0010000000474974513,1769233408.0,4,509,,,,,,,,,,,,,
0.025167200714349747,0.0010000000474974513,1769235456.0,4,510,,,,,,,,,,,,,
0.016255032271146774,0.0010000000474974513,1769237504.0,4,511,,,,,,,,,,,,,
0.04014626890420914,0.0010000000474974513,1769239552.0,4,512,,,,,,,,,,,,,
0.011912265792489052,0.0010000000474974513,1769241600.0,4,513,,,,,,,,,,,,,
0.017317015677690506,0.0010000000474974513,1769243648.0,4,514,,,,,,,,,,,,,
0.006758867297321558,0.0010000000474974513,1769245696.0,4,515,,,,,,,,,,,,,
0.0033889510668814182,0.0010000000474974513,1769247744.0,4,516,,,,,,,,,,,,,
0.004641316365450621,0.0010000000474974513,1769249792.0,4,517,,,,,,,,,,,,,
0.031099453568458557,0.0010000000474974513,1769251840.0,4,518,,,,,,,,,,,,,
0.003281497862190008,0.0010000000474974513,1769253888.0,4,519,,,,,,,,,,,,,
0.009350448846817017,0.0010000000474974513,1769255936.0,4,520,,,,,,,,,,,,,
0.034809410572052,0.0010000000474974513,1769257984.0,4,521,,,,,,,,,,,,,
0.03809176757931709,0.0010000000474974513,1769260032.0,4,522,,,,,,,,,,,,,
0.006762617267668247,0.0010000000474974513,1769262080.0,4,523,,,,,,,,,,,,,
0.010900000110268593,0.0010000000474974513,1769264128.0,4,524,,,,,,,,,,,,,
0.05648443102836609,0.0010000000474974513,1769266176.0,4,525,,,,,,,,,,,,,
0.015837540850043297,0.0010000000474974513,1769268224.0,4,526,,,,,,,,,,,,,
0.05599118769168854,0.0010000000474974513,1769270272.0,4,527,,,,,,,,,,,,,
0.03061676397919655,0.0010000000474974513,1769272320.0,4,528,,,,,,,,,,,,,
0.0024371491745114326,0.0010000000474974513,1769274368.0,4,529,,,,,,,,,,,,,
0.022207584232091904,0.0010000000474974513,1769276416.0,4,530,,,,,,,,,,,,,
,,,4,530,0.05011603608727455,0.9921947121620178,0.9487789381507749,0.9921333193778992,0.9997066259384155,1.0,0.9845103621482849,,,,,,
0.012562156654894352,0.0010000000474974513,1767931392.0,4,531,,,,,,,,,,,,,
0.005480773746967316,0.0010000000474974513,1769280512.0,4,532,,,,,,,,,,,,,
0.03028831258416176,0.0010000000474974513,1769282560.0,4,533,,,,,,,,,,,,,
0.011537025682628155,0.0010000000474974513,1769284608.0,4,534,,,,,,,,,,,,,
0.006420723162591457,0.0010000000474974513,1769286656.0,4,535,,,,,,,,,,,,,
0.013032032176852226,0.0010000000474974513,1769288704.0,4,536,,,,,,,,,,,,,
0.03509173169732094,0.0010000000474974513,1769290752.0,4,537,,,,,,,,,,,,,
0.005045216530561447,0.0010000000474974513,1769292800.0,4,538,,,,,,,,,,,,,
0.02444159798324108,0.0010000000474974513,1769294848.0,4,539,,,,,,,,,,,,,
0.005502040963619947,0.0010000000474974513,1769296896.0,4,540,,,,,,,,,,,,,
0.03146111220121384,0.0010000000474974513,1769298944.0,4,541,,,,,,,,,,,,,
0.005332598462700844,0.0010000000474974513,1769300992.0,4,542,,,,,,,,,,,,,
0.0018546166829764843,0.0010000000474974513,1769303040.0,4,543,,,,,,,,,,,,,
0.004139542579650879,0.0010000000474974513,1769305088.0,4,544,,,,,,,,,,,,,
0.007437756285071373,0.0010000000474974513,1769307136.0,4,545,,,,,,,,,,,,,
0.0059094736352562904,0.0010000000474974513,1769309184.0,4,546,,,,,,,,,,,,,
0.017977699637413025,0.0010000000474974513,1769311232.0,4,547,,,,,,,,,,,,,
0.003517716657370329,0.0010000000474974513,1769313280.0,4,548,,,,,,,,,,,,,
0.0018168254755437374,0.0010000000474974513,1769315328.0,4,549,,,,,,,,,,,,,
0.015513578429818153,0.0010000000474974513,1769317376.0,4,550,,,,,,,,,,,,,
0.012570862658321857,0.0010000000474974513,1769319424.0,4,551,,,,,,,,,,,,,
0.003696264699101448,0.0010000000474974513,1769321472.0,4,552,,,,,,,,,,,,,
0.025997914373874664,0.0010000000474974513,1769323520.0,4,553,,,,,,,,,,,,,
0.03416693955659866,0.0010000000474974513,1769325568.0,4,554,,,,,,,,,,,,,
0.007985929027199745,0.0010000000474974513,1769327616.0,4,555,,,,,,,,,,,,,
0.007111486978828907,0.0010000000474974513,1769329664.0,4,556,,,,,,,,,,,,,
0.014424072578549385,0.0010000000474974513,1769331712.0,4,557,,,,,,,,,,,,,
0.008538475260138512,0.0010000000474974513,1769333760.0,4,558,,,,,,,,,,,,,
0.007907613180577755,0.0010000000474974513,1769335808.0,4,559,,,,,,,,,,,,,
0.006071004085242748,0.0010000000474974513,1769337856.0,4,560,,,,,,,,,,,,,
0.013717454858124256,0.0010000000474974513,1769339904.0,4,561,,,,,,,,,,,,,
0.04160507023334503,0.0010000000474974513,1769341952.0,4,562,,,,,,,,,,,,,
0.024218792095780373,0.0010000000474974513,1769344000.0,4,563,,,,,,,,,,,,,
0.05231344699859619,0.0010000000474974513,1769346048.0,4,564,,,,,,,,,,,,,
0.004451477900147438,0.0010000000474974513,1769348096.0,4,565,,,,,,,,,,,,,
0.017489496618509293,0.0010000000474974513,1769350144.0,4,566,,,,,,,,,,,,,
0.008465638384222984,0.0010000000474974513,1769352192.0,4,567,,,,,,,,,,,,,
0.004727603867650032,0.0010000000474974513,1769354240.0,4,568,,,,,,,,,,,,,
0.020692160353064537,0.0010000000474974513,1769356288.0,4,569,,,,,,,,,,,,,
0.009135962463915348,0.0010000000474974513,1769358336.0,4,570,,,,,,,,,,,,,
0.007559670135378838,0.0010000000474974513,1769360384.0,4,571,,,,,,,,,,,,,
0.006214848719537258,0.0010000000474974513,1769362432.0,4,572,,,,,,,,,,,,,
0.009751137346029282,0.0010000000474974513,1769364480.0,4,573,,,,,,,,,,,,,
0.032266221940517426,0.0010000000474974513,1769366528.0,4,574,,,,,,,,,,,,,
0.008400676771998405,0.0010000000474974513,1769368576.0,4,575,,,,,,,,,,,,,
0.027287980541586876,0.0010000000474974513,1769370624.0,4,576,,,,,,,,,,,,,
0.011558197438716888,0.0010000000474974513,1769372672.0,4,577,,,,,,,,,,,,,
0.0028210412710905075,0.0010000000474974513,1769374720.0,4,578,,,,,,,,,,,,,
0.01010921224951744,0.0010000000474974513,1769376768.0,4,579,,,,,,,,,,,,,
0.008110514841973782,0.0010000000474974513,1769378816.0,4,580,,,,,,,,,,,,,
0.0054342616349458694,0.0010000000474974513,1769380864.0,4,581,,,,,,,,,,,,,
0.0026778378523886204,0.0010000000474974513,1769382912.0,4,582,,,,,,,,,,,,,
0.010787736624479294,0.0010000000474974513,1769384960.0,4,583,,,,,,,,,,,,,
0.011806278489530087,0.0010000000474974513,1769387008.0,4,584,,,,,,,,,,,,,
0.022981980815529823,0.0010000000474974513,1769389056.0,4,585,,,,,,,,,,,,,
0.0017713693669065833,0.0010000000474974513,1769391104.0,4,586,,,,,,,,,,,,,
0.0184501800686121,0.0010000000474974513,1769393152.0,4,587,,,,,,,,,,,,,
0.004223880358040333,0.0010000000474974513,1769395200.0,4,588,,,,,,,,,,,,,
0.0041648587211966515,0.0010000000474974513,352458752.0,4,589,,,,,,,,,,,,,
,,,4,589,0.09973154217004776,0.9826722145080566,0.8034382911077993,0.982366681098938,0.9990915060043335,1.0,0.965934693813324,,,,,,
,,,4,589,,,,,,,,0.9956424832344055,0.9497379904153082,0.9956333041191101,0.9995120167732239,0.9977333545684814,0.9935603737831116
0.026189472526311874,0.0010000000474974513,1767811072.0,5,590,,,,,,,,,,,,,
0.014300435781478882,0.0010000000474974513,1769159680.0,5,591,,,,,,,,,,,,,
0.006204890552908182,0.0010000000474974513,1769161728.0,5,592,,,,,,,,,,,,,
0.02730504609644413,0.0010000000474974513,1769163776.0,5,593,,,,,,,,,,,,,
0.014400321058928967,0.0010000000474974513,1769165824.0,5,594,,,,,,,,,,,,,
0.010491200722754002,0.0010000000474974513,1769167872.0,5,595,,,,,,,,,,,,,
0.003622175892814994,0.0010000000474974513,1769169920.0,5,596,,,,,,,,,,,,,
0.007769325282424688,0.0010000000474974513,1769171968.0,5,597,,,,,,,,,,,,,
0.07126998901367188,0.0010000000474974513,1769174016.0,5,598,,,,,,,,,,,,,
0.01415249239653349,0.0010000000474974513,1769176064.0,5,599,,,,,,,,,,,,,
0.058124445378780365,0.0010000000474974513,1769178112.0,5,600,,,,,,,,,,,,,
0.011620176956057549,0.0010000000474974513,1769180160.0,5,601,,,,,,,,,,,,,
0.023698387667536736,0.0010000000474974513,1769182208.0,5,602,,,,,,,,,,,,,
0.039231132715940475,0.0010000000474974513,1769184256.0,5,603,,,,,,,,,,,,,
0.027743633836507797,0.0010000000474974513,1769186304.0,5,604,,,,,,,,,,,,,
0.00775964604690671,0.0010000000474974513,1769188352.0,5,605,,,,,,,,,,,,,
0.013495191931724548,0.0010000000474974513,1769190400.0,5,606,,,,,,,,,,,,,
0.05489124730229378,0.0010000000474974513,1769192448.0,5,607,,,,,,,,,,,,,
0.01181972585618496,0.0010000000474974513,1769194496.0,5,608,,,,,,,,,,,,,
0.006358822342008352,0.0010000000474974513,1769196544.0,5,609,,,,,,,,,,,,,
0.007680089678615332,0.0010000000474974513,1769198592.0,5,610,,,,,,,,,,,,,
0.010818520560860634,0.0010000000474974513,1769200640.0,5,611,,,,,,,,,,,,,
0.02011297270655632,0.0010000000474974513,1769202688.0,5,612,,,,,,,,,,,,,
0.020046347752213478,0.0010000000474974513,1769204736.0,5,613,,,,,,,,,,,,,
0.005846871063113213,0.0010000000474974513,1769206784.0,5,614,,,,,,,,,,,,,
0.010178395546972752,0.0010000000474974513,1769208832.0,5,615,,,,,,,,,,,,,
0.013195933774113655,0.0010000000474974513,1769210880.0,5,616,,,,,,,,,,,,,
0.02774970792233944,0.0010000000474974513,1769212928.0,5,617,,,,,,,,,,,,,
0.011434920132160187,0.0010000000474974513,1769214976.0,5,618,,,,,,,,,,,,,
0.050780028104782104,0.0010000000474974513,1769217024.0,5,619,,,,,,,,,,,,,
0.0033111232332885265,0.0010000000474974513,1769219072.0,5,620,,,,,,,,,,,,,
0.016286687925457954,0.0010000000474974513,1769221120.0,5,621,,,,,,,,,,,,,
0.027809331193566322,0.0010000000474974513,1769223168.0,5,622,,,,,,,,,,,,,
0.005014870315790176,0.0010000000474974513,1769225216.0,5,623,,,,,,,,,,,,,
0.02302750013768673,0.0010000000474974513,1769227264.0,5,624,,,,,,,,,,,,,
0.006304527632892132,0.0010000000474974513,1769229312.0,5,625,,,,,,,,,,,,,
0.011470304802060127,0.0010000000474974513,1769231360.0,5,626,,,,,,,,,,,,,
0.012922275811433792,0.0010000000474974513,1769233408.0,5,627,,,,,,,,,,,,,
0.012226101011037827,0.0010000000474974513,1769235456.0,5,628,,,,,,,,,,,,,
0.016673892736434937,0.0010000000474974513,1769237504.0,5,629,,,,,,,,,,,,,
0.01461742166429758,0.0010000000474974513,1769239552.0,5,630,,,,,,,,,,,,,
0.014960184693336487,0.0010000000474974513,1769241600.0,5,631,,,,,,,,,,,,,
0.006345520261675119,0.0010000000474974513,1769243648.0,5,632,,,,,,,,,,,,,
0.006792499218136072,0.0010000000474974513,1769245696.0,5,633,,,,,,,,,,,,,
0.0181572325527668,0.0010000000474974513,1769247744.0,5,634,,,,,,,,,,,,,
0.010462148115038872,0.0010000000474974513,1769249792.0,5,635,,,,,,,,,,,,,
0.005812307819724083,0.0010000000474974513,1769251840.0,5,636,,,,,,,,,,,,,
0.0073732840828597546,0.0010000000474974513,1769253888.0,5,637,,,,,,,,,,,,,
0.039916783571243286,0.0010000000474974513,1769255936.0,5,638,,,,,,,,,,,,,
0.009589157067239285,0.0010000000474974513,1769257984.0,5,639,,,,,,,,,,,,,
0.018741102889180183,0.0010000000474974513,1769260032.0,5,640,,,,,,,,,,,,,
0.008012328296899796,0.0010000000474974513,1769262080.0,5,641,,,,,,,,,,,,,
0.02768642082810402,0.0010000000474974513,1769264128.0,5,642,,,,,,,,,,,,,
0.09935781359672546,0.0010000000474974513,1769266176.0,5,643,,,,,,,,,,,,,
0.02153717167675495,0.0010000000474974513,1769268224.0,5,644,,,,,,,,,,,,,
0.028333541005849838,0.0010000000474974513,1769270272.0,5,645,,,,,,,,,,,,,
0.029487624764442444,0.0010000000474974513,1769272320.0,5,646,,,,,,,,,,,,,
0.010814547538757324,0.0010000000474974513,1769274368.0,5,647,,,,,,,,,,,,,
0.007809048984199762,0.0010000000474974513,1769276416.0,5,648,,,,,,,,,,,,,
,,,5,648,0.049392618238925934,0.9881748557090759,0.8367314026735106,0.9880333542823792,0.999241054058075,1.0,0.9766260981559753,,,,,,
0.004865707363933325,0.0010000000474974513,1767931392.0,5,649,,,,,,,,,,,,,
0.019070886075496674,0.0010000000474974513,1769280512.0,5,650,,,,,,,,,,,,,
0.0355328768491745,0.0010000000474974513,1769282560.0,5,651,,,,,,,,,,,,,
0.024790223687887192,0.0010000000474974513,1769284608.0,5,652,,,,,,,,,,,,,
0.026524730026721954,0.0010000000474974513,1769286656.0,5,653,,,,,,,,,,,,,
0.020380735397338867,0.0010000000474974513,1769288704.0,5,654,,,,,,,,,,,,,
0.03533250838518143,0.0010000000474974513,1769290752.0,5,655,,,,,,,,,,,,,
0.01758287101984024,0.0010000000474974513,1769292800.0,5,656,,,,,,,,,,,,,
0.012519525364041328,0.0010000000474974513,1769294848.0,5,657,,,,,,,,,,,,,
0.004740015137940645,0.0010000000474974513,1769296896.0,5,658,,,,,,,,,,,,,
0.012577700428664684,0.0010000000474974513,1769298944.0,5,659,,,,,,,,,,,,,
0.004581967368721962,0.0010000000474974513,1769300992.0,5,660,,,,,,,,,,,,,
0.0032302788458764553,0.0010000000474974513,1769303040.0,5,661,,,,,,,,,,,,,
0.0051035406067967415,0.0010000000474974513,1769305088.0,5,662,,,,,,,,,,,,,
0.013917872682213783,0.0010000000474974513,1769307136.0,5,663,,,,,,,,,,,,,
0.06969556957483292,0.0010000000474974513,1769309184.0,5,664,,,,,,,,,,,,,
0.003707102034240961,0.0010000000474974513,1769311232.0,5,665,,,,,,,,,,,,,
0.0011543311411514878,0.0010000000474974513,1769313280.0,5,666,,,,,,,,,,,,,
0.012552676722407341,0.0010000000474974513,1769315328.0,5,667,,,,,,,,,,,,,
0.012684325687587261,0.0010000000474974513,1769317376.0,5,668,,,,,,,,,,,,,
0.04859516769647598,0.0010000000474974513,1769319424.0,5,669,,,,,,,,,,,,,
0.00894510094076395,0.0010000000474974513,1769321472.0,5,670,,,,,,,,,,,,,
0.008084258064627647,0.0010000000474974513,1769323520.0,5,671,,,,,,,,,,,,,
0.0363793671131134,0.0010000000474974513,1769325568.0,5,672,,,,,,,,,,,,,
0.016774112358689308,0.0010000000474974513,1769327616.0,5,673,,,,,,,,,,,,,
0.006207735277712345,0.0010000000474974513,1769329664.0,5,674,,,,,,,,,,,,,
0.02876250445842743,0.0010000000474974513,1769331712.0,5,675,,,,,,,,,,,,,
0.01727926731109619,0.0010000000474974513,1769333760.0,5,676,,,,,,,,,,,,,
0.006872810889035463,0.0010000000474974513,1769335808.0,5,677,,,,,,,,,,,,,
0.008405134081840515,0.0010000000474974513,1769337856.0,5,678,,,,,,,,,,,,,
0.008457602001726627,0.0010000000474974513,1769339904.0,5,679,,,,,,,,,,,,,
0.004660475999116898,0.0010000000474974513,1769341952.0,5,680,,,,,,,,,,,,,
0.03693846985697746,0.0010000000474974513,1769344000.0,5,681,,,,,,,,,,,,,
0.021315082907676697,0.0010000000474974513,1769346048.0,5,682,,,,,,,,,,,,,
0.02717513032257557,0.0010000000474974513,1769348096.0,5,683,,,,,,,,,,,,,
0.014558788388967514,0.0010000000474974513,1769350144.0,5,684,,,,,,,,,,,,,
0.002759003546088934,0.0010000000474974513,1769352192.0,5,685,,,,,,,,,,,,,
0.023420115932822227,0.0010000000474974513,1769354240.0,5,686,,,,,,,,,,,,,
0.018834121525287628,0.0010000000474974513,1769356288.0,5,687,,,,,,,,,,,,,
0.0055428799241781235,0.0010000000474974513,1769358336.0,5,688,,,,,,,,,,,,,
0.002918549347668886,0.0010000000474974513,1769360384.0,5,689,,,,,,,,,,,,,
0.006369699724018574,0.0010000000474974513,1769362432.0,5,690,,,,,,,,,,,,,
0.004140998236835003,0.0010000000474974513,1769364480.0,5,691,,,,,,,,,,,,,
0.03513301908969879,0.0010000000474974513,1769366528.0,5,692,,,,,,,,,,,,,
0.015491737052798271,0.0010000000474974513,1769368576.0,5,693,,,,,,,,,,,,,
0.08336023986339569,0.0010000000474974513,1769370624.0,5,694,,,,,,,,,,,,,
0.027151722460985184,0.0010000000474974513,1769372672.0,5,695,,,,,,,,,,,,,
0.004947212059050798,0.0010000000474974513,1769374720.0,5,696,,,,,,,,,,,,,
0.0140322744846344,0.0010000000474974513,1769376768.0,5,697,,,,,,,,,,,,,
0.006049559451639652,0.0010000000474974513,1769378816.0,5,698,,,,,,,,,,,,,
0.008264720439910889,0.0010000000474974513,1769380864.0,5,699,,,,,,,,,,,,,
0.0024544717743992805,0.0010000000474974513,1769382912.0,5,700,,,,,,,,,,,,,
0.004418376833200455,0.0010000000474974513,1769384960.0,5,701,,,,,,,,,,,,,
0.0065404875203967094,0.0010000000474974513,1769387008.0,5,702,,,,,,,,,,,,,
0.005391806364059448,0.0010000000474974513,1769389056.0,5,703,,,,,,,,,,,,,
0.006091210059821606,0.0010000000474974513,1769391104.0,5,704,,,,,,,,,,,,,
0.01406816765666008,0.0010000000474974513,1769393152.0,5,705,,,,,,,,,,,,,
0.01035421621054411,0.0010000000474974513,1769395200.0,5,706,,,,,,,,,,,,,
0.013694832101464272,0.0010000000474974513,352458752.0,5,707,,,,,,,,,,,,,
,,,5,707,0.0506918728351593,0.9895764589309692,0.949117922261126,0.989466667175293,0.9996452927589417,1.0,0.9793679714202881,,,,,,
,,,5,707,,,,,,,,0.9956415891647339,0.9362469410175546,0.9956333041191101,0.9994391202926636,0.9975333213806152,0.9937570691108704
